CustomerID,FirstName,LastName,Email,Phone,Address,City,State,PostalCode,Country
1,Eve,Williams,eve.williams@example.com,289-6096,101 Pine Rd,Chicago,IL,83205,Canada
2,Bob,Davis,bob.davis@company.com,317-4919,456 Elm St,Los Angeles,CA,77241,Mexico
3,Bob,Garcia,bob.garcia@example.com,944-5847,101 Pine Rd,Houston,AZ,99276,Mexico
4,Jane,Williams,jane.williams@example.com,164-3258,202 Oak St,New York,CA,29256,USA
5,Eve,Wilson,eve.wilson@mail.com,874-7483,101 Pine Rd,Phoenix,AZ,15429,Mexico
6,Diana,Davis,diana.davis@mail.com,484-9582,123 Main St,Houston,TX,98855,USA
7,Hank,Garcia,hank.garcia@domain.com,833-7691,456 Elm St,Houston,NY,64594,Mexico
8,Bob,Jones,bob.jones@company.com,259-3752,789 Maple Ave,New York,NY,21033,Mexico
9,Hank,Garcia,hank.garcia@mail.com,533-1660,123 Main St,Phoenix,CA,34029,Mexico
10,Grace,Brown,grace.brown@domain.com,867-8417,123 Main St,Chicago,CA,43440,Mexico
11,Eve,Davis,eve.davis@domain.com,603-2719,123 Main St,New York,AZ,44914,Canada
12,Jane,Brown,jane.brown@domain.com,259-3170,789 Maple Ave,Los Angeles,CA,19804,Canada
13,Jane,Smith,jane.smith@mail.com,598-8553,202 Oak St,Phoenix,TX,40844,USA
14,Bob,Johnson,bob.johnson@example.com,921-3898,456 Elm St,Houston,AZ,19413,Canada
15,Jane,Rodriguez,jane.rodriguez@example.com,567-1961,789 Maple Ave,Houston,NY,62182,USA
16,Jane,Rodriguez,jane.rodriguez@example.com,911-3634,456 Elm St,Chicago,IL,33459,Mexico
17,Grace,Jones,grace.jones@domain.com,570-6746,789 Maple Ave,Phoenix,AZ,89222,USA
18,Charlie,Wilson,charlie.wilson@domain.com,410-4943,456 Elm St,Chicago,AZ,93650,USA
19,Diana,Wilson,diana.wilson@company.com,220-3135,456 Elm St,Chicago,TX,13691,USA
20,Charlie,Johnson,charlie.johnson@example.com,230-4385,202 Oak St,Los Angeles,TX,41534,USA
21,Charlie,Smith,charlie.smith@domain.com,568-3086,123 Main St,Houston,AZ,34101,Mexico
22,Diana,Smith,diana.smith@domain.com,755-7367,456 Elm St,Los Angeles,TX,47357,Mexico
23,Jane,Johnson,jane.johnson@mail.com,793-5310,789 Maple Ave,Houston,CA,49913,Mexico
24,Eve,Johnson,eve.johnson@domain.com,725-7001,456 Elm St,Houston,NY,83423,Mexico
25,Eve,Jones,eve.jones@example.com,878-3158,789 Maple Ave,Phoenix,NY,34872,Canada
26,Alice,Johnson,alice.johnson@company.com,999-3080,101 Pine Rd,Los Angeles,AZ,56996,Mexico
27,Diana,Johnson,diana.johnson@company.com,482-3161,456 Elm St,Houston,TX,27371,USA
28,Frank,Wilson,frank.wilson@domain.com,928-8938,123 Main St,Phoenix,TX,65852,USA
29,Eve,Rodriguez,eve.rodriguez@example.com,458-4471,456 Elm St,Houston,AZ,12131,Mexico
30,John,Jones,john.jones@mail.com,801-1760,123 Main St,Chicago,TX,90165,Mexico
31,Hank,Miller,hank.miller@domain.com,454-1944,456 Elm St,Los Angeles,AZ,53596,Mexico
32,Eve,Davis,eve.davis@company.com,899-5454,101 Pine Rd,New York,AZ,34483,Mexico
33,Alice,Johnson,alice.johnson@domain.com,632-9195,456 Elm St,Chicago,TX,43283,USA
34,Frank,Rodriguez,frank.rodriguez@example.com,835-7797,789 Maple Ave,New York,AZ,58068,Mexico
35,John,Wilson,john.wilson@example.com,556-2641,101 Pine Rd,Houston,TX,81380,Canada
36,Grace,Johnson,grace.johnson@domain.com,854-9520,202 Oak St,Houston,NY,45980,Canada
37,Diana,Johnson,diana.johnson@company.com,502-2329,202 Oak St,Phoenix,CA,23159,Mexico
38,John,Johnson,john.johnson@company.com,244-2538,456 Elm St,Chicago,TX,51281,USA
39,Alice,Davis,alice.davis@company.com,712-8247,123 Main St,New York,IL,18385,Mexico
40,Eve,Wilson,eve.wilson@mail.com,314-7191,101 Pine Rd,New York,TX,62461,Canada
41,Diana,Garcia,diana.garcia@example.com,281-6352,101 Pine Rd,New York,IL,94032,Canada
42,Eve,Johnson,eve.johnson@mail.com,839-6583,456 Elm St,Chicago,AZ,48505,Mexico
43,Jane,Garcia,jane.garcia@mail.com,672-8036,123 Main St,Phoenix,TX,43238,Mexico
44,Alice,Williams,alice.williams@mail.com,565-9376,202 Oak St,Los Angeles,NY,53338,Mexico
45,Bob,Rodriguez,bob.rodriguez@mail.com,666-6067,123 Main St,Chicago,AZ,13053,Canada
46,Alice,Miller,alice.miller@company.com,447-2405,101 Pine Rd,Houston,CA,98781,USA
47,Hank,Smith,hank.smith@company.com,846-4504,101 Pine Rd,Phoenix,NY,96555,Mexico
48,Frank,Davis,frank.davis@mail.com,814-7236,123 Main St,New York,IL,15116,Canada
49,Alice,Miller,alice.miller@example.com,305-5886,123 Main St,Phoenix,TX,30198,Mexico
50,Eve,Williams,eve.williams@domain.com,470-5179,202 Oak St,New York,NY,19406,Canada
51,Jane,Smith,jane.smith@domain.com,686-1363,456 Elm St,Houston,CA,40088,Mexico
52,Jane,Miller,jane.miller@company.com,913-4294,456 Elm St,New York,AZ,33127,Canada
53,Diana,Davis,diana.davis@mail.com,816-6949,456 Elm St,Los Angeles,CA,87537,USA
54,Bob,Johnson,bob.johnson@company.com,619-1235,789 Maple Ave,New York,CA,66026,USA
55,Grace,Wilson,grace.wilson@company.com,985-2735,456 Elm St,Los Angeles,TX,57275,Mexico
56,John,Johnson,john.johnson@example.com,371-3558,202 Oak St,Phoenix,TX,94358,Canada
57,Alice,Brown,alice.brown@mail.com,604-4913,789 Maple Ave,New York,NY,32521,Canada
58,Bob,Johnson,bob.johnson@example.com,612-2282,123 Main St,Phoenix,CA,77691,Canada
59,Grace,Brown,grace.brown@mail.com,831-4264,101 Pine Rd,Chicago,CA,85269,Canada
60,Alice,Rodriguez,alice.rodriguez@mail.com,614-7071,101 Pine Rd,Phoenix,AZ,20757,Mexico
61,Alice,Garcia,alice.garcia@domain.com,518-6592,123 Main St,Los Angeles,IL,39681,Mexico
62,Jane,Davis,jane.davis@domain.com,853-3877,123 Main St,Houston,TX,93125,USA
63,Hank,Wilson,hank.wilson@example.com,755-5683,456 Elm St,Houston,NY,73765,Mexico
64,Frank,Jones,frank.jones@mail.com,451-1426,123 Main St,Phoenix,CA,47008,Canada
65,Charlie,Wilson,charlie.wilson@company.com,221-2318,456 Elm St,New York,NY,35471,Canada
66,Grace,Wilson,grace.wilson@mail.com,127-5168,789 Maple Ave,Chicago,CA,54987,USA
67,Bob,Wilson,bob.wilson@domain.com,502-2053,789 Maple Ave,New York,IL,48211,USA
68,Grace,Jones,grace.jones@mail.com,323-4399,123 Main St,Phoenix,IL,97623,USA
69,Eve,Smith,eve.smith@company.com,152-2437,789 Maple Ave,Houston,TX,27840,Mexico
70,Bob,Brown,bob.brown@company.com,998-8935,123 Main St,Chicago,NY,29793,Mexico
71,Hank,Smith,hank.smith@mail.com,625-2497,789 Maple Ave,New York,AZ,63564,Canada
72,Eve,Jones,eve.jones@domain.com,776-9953,202 Oak St,Houston,AZ,66925,USA
73,Charlie,Smith,charlie.smith@example.com,277-8593,101 Pine Rd,Los Angeles,CA,61525,Canada
74,Jane,Wilson,jane.wilson@example.com,664-3360,101 Pine Rd,Phoenix,AZ,47938,Canada
75,Hank,Davis,hank.davis@domain.com,152-7240,456 Elm St,New York,CA,56401,Canada
76,Bob,Miller,bob.miller@domain.com,383-9785,101 Pine Rd,Phoenix,CA,50927,USA
77,Hank,Johnson,hank.johnson@domain.com,575-6867,101 Pine Rd,Houston,CA,12129,USA
78,Jane,Miller,jane.miller@domain.com,938-3147,101 Pine Rd,Phoenix,CA,17707,USA
79,Grace,Miller,grace.miller@mail.com,930-2689,101 Pine Rd,New York,IL,99745,Mexico
80,Frank,Davis,frank.davis@mail.com,879-3752,456 Elm St,New York,IL,97329,Canada
81,Diana,Smith,diana.smith@domain.com,478-5448,456 Elm St,Los Angeles,NY,79391,Canada
82,Eve,Garcia,eve.garcia@mail.com,272-3160,123 Main St,Houston,TX,56353,Canada
83,Jane,Rodriguez,jane.rodriguez@domain.com,890-2466,101 Pine Rd,Los Angeles,TX,83803,Canada
84,Eve,Miller,eve.miller@domain.com,499-2036,789 Maple Ave,New York,TX,71518,Canada
85,John,Brown,john.brown@mail.com,301-6487,202 Oak St,Phoenix,AZ,60296,USA
86,Alice,Williams,alice.williams@mail.com,182-3408,456 Elm St,Houston,AZ,25501,USA
87,Alice,Jones,alice.jones@company.com,937-4095,123 Main St,Phoenix,NY,42402,Mexico
88,Grace,Garcia,grace.garcia@mail.com,794-9743,101 Pine Rd,New York,NY,27727,Canada
89,Diana,Johnson,diana.johnson@example.com,586-6102,123 Main St,Los Angeles,NY,93857,Mexico
90,Frank,Johnson,frank.johnson@domain.com,818-3025,789 Maple Ave,Chicago,IL,24469,Mexico
91,John,Miller,john.miller@company.com,450-9648,202 Oak St,Phoenix,TX,41877,Mexico
92,Charlie,Rodriguez,charlie.rodriguez@domain.com,998-2989,123 Main St,Phoenix,IL,71291,USA
93,Jane,Jones,jane.jones@example.com,347-6595,456 Elm St,Los Angeles,TX,85899,Canada
94,Eve,Rodriguez,eve.rodriguez@company.com,567-7994,101 Pine Rd,Houston,CA,12525,Canada
95,Alice,Smith,alice.smith@example.com,248-8513,101 Pine Rd,Houston,CA,47583,Canada
96,Alice,Jones,alice.jones@company.com,615-6443,123 Main St,Houston,NY,41923,USA
97,Frank,Johnson,frank.johnson@example.com,307-1407,101 Pine Rd,Phoenix,TX,93023,Mexico
98,Alice,Johnson,alice.johnson@mail.com,493-5867,101 Pine Rd,Chicago,TX,24325,Canada
99,Diana,Brown,diana.brown@domain.com,684-1676,456 Elm St,Phoenix,IL,30662,Canada
100,Hank,Brown,hank.brown@mail.com,171-4753,789 Maple Ave,New York,TX,96837,Canada
101,Bob,Wilson,bob.wilson@mail.com,339-4535,123 Main St,Los Angeles,CA,20246,Mexico
102,Hank,Garcia,hank.garcia@domain.com,329-5355,789 Maple Ave,Phoenix,IL,40282,USA
103,Frank,Johnson,frank.johnson@company.com,973-6795,456 Elm St,Los Angeles,CA,71912,Mexico
104,Hank,Brown,hank.brown@company.com,228-3743,101 Pine Rd,Phoenix,NY,90584,Mexico
105,John,Davis,john.davis@mail.com,217-9139,123 Main St,Phoenix,TX,75808,Canada
106,Diana,Wilson,diana.wilson@domain.com,113-9256,101 Pine Rd,Phoenix,TX,21524,Mexico
107,John,Johnson,john.johnson@example.com,929-3050,202 Oak St,Houston,AZ,78908,Canada
108,Eve,Miller,eve.miller@example.com,824-5135,456 Elm St,New York,AZ,89089,Canada
109,John,Garcia,john.garcia@mail.com,693-5664,123 Main St,Phoenix,NY,49099,Canada
110,Frank,Davis,frank.davis@mail.com,997-5705,123 Main St,Houston,AZ,97667,USA
111,Grace,Miller,grace.miller@domain.com,917-2452,202 Oak St,Phoenix,IL,50015,USA
112,Charlie,Miller,charlie.miller@mail.com,132-3799,202 Oak St,Phoenix,AZ,98350,USA
113,Bob,Rodriguez,bob.rodriguez@example.com,669-7000,789 Maple Ave,Houston,IL,17484,Canada
114,Frank,Johnson,frank.johnson@mail.com,979-8138,101 Pine Rd,Chicago,AZ,32997,Canada
115,John,Garcia,john.garcia@example.com,904-6862,202 Oak St,Chicago,IL,98796,Mexico
116,Alice,Davis,alice.davis@mail.com,724-9648,789 Maple Ave,Los Angeles,NY,16687,Mexico
117,Bob,Miller,bob.miller@company.com,703-2270,123 Main St,New York,IL,50353,Mexico
118,Hank,Brown,hank.brown@mail.com,555-8663,123 Main St,Los Angeles,AZ,85626,USA
119,Grace,Davis,grace.davis@mail.com,109-9775,456 Elm St,Los Angeles,CA,60983,Canada
120,Alice,Garcia,alice.garcia@example.com,293-1246,202 Oak St,Los Angeles,TX,81394,USA
121,Charlie,Miller,charlie.miller@company.com,991-4949,123 Main St,Los Angeles,CA,80707,USA
122,Hank,Miller,hank.miller@example.com,304-7723,202 Oak St,Los Angeles,CA,55321,Canada
123,Charlie,Rodriguez,charlie.rodriguez@example.com,987-7970,456 Elm St,Phoenix,TX,14315,USA
124,Jane,Garcia,jane.garcia@company.com,161-3874,789 Maple Ave,Los Angeles,CA,64317,Mexico
125,Alice,Williams,alice.williams@domain.com,767-7912,123 Main St,Los Angeles,CA,28995,Canada
126,Diana,Garcia,diana.garcia@company.com,573-6555,456 Elm St,Los Angeles,TX,45940,USA
127,Alice,Garcia,alice.garcia@mail.com,682-5662,123 Main St,Phoenix,CA,50306,USA
128,Frank,Wilson,frank.wilson@mail.com,589-1060,789 Maple Ave,Houston,TX,11700,Mexico
129,Eve,Jones,eve.jones@example.com,944-2705,202 Oak St,New York,AZ,91436,USA
130,Charlie,Jones,charlie.jones@mail.com,634-5818,789 Maple Ave,Chicago,CA,96670,Canada
131,Grace,Wilson,grace.wilson@mail.com,202-2250,456 Elm St,New York,AZ,16289,USA
132,Bob,Miller,bob.miller@domain.com,978-8930,789 Maple Ave,Chicago,NY,83843,Mexico
133,John,Miller,john.miller@example.com,565-5617,123 Main St,Los Angeles,IL,15087,Mexico
134,Grace,Wilson,grace.wilson@mail.com,790-5791,789 Maple Ave,Los Angeles,CA,87139,Mexico
135,Bob,Wilson,bob.wilson@domain.com,536-7677,101 Pine Rd,Los Angeles,AZ,68597,USA
136,Diana,Brown,diana.brown@example.com,624-9227,101 Pine Rd,New York,AZ,20764,Canada
137,Grace,Smith,grace.smith@company.com,288-2366,202 Oak St,New York,IL,27133,USA
138,Frank,Garcia,frank.garcia@mail.com,451-2700,101 Pine Rd,Los Angeles,NY,85248,Canada
139,Alice,Davis,alice.davis@example.com,554-4696,202 Oak St,Houston,CA,15201,Canada
140,Bob,Davis,bob.davis@mail.com,214-1804,202 Oak St,Houston,TX,35236,Canada
141,Frank,Williams,frank.williams@company.com,295-1480,456 Elm St,Phoenix,TX,92935,Canada
142,Jane,Williams,jane.williams@example.com,123-1274,456 Elm St,Phoenix,TX,48648,Canada
143,Jane,Garcia,jane.garcia@mail.com,824-3399,202 Oak St,Houston,NY,55341,Canada
144,Jane,Rodriguez,jane.rodriguez@mail.com,614-5882,101 Pine Rd,Houston,TX,81275,USA
145,Frank,Wilson,frank.wilson@domain.com,124-4590,123 Main St,Phoenix,TX,78574,USA
146,Eve,Johnson,eve.johnson@company.com,484-5231,789 Maple Ave,Houston,AZ,28817,USA
147,Frank,Johnson,frank.johnson@company.com,132-1498,101 Pine Rd,Chicago,AZ,96823,USA
148,Grace,Wilson,grace.wilson@domain.com,394-1003,456 Elm St,New York,NY,94098,Canada
149,Charlie,Williams,charlie.williams@company.com,632-1183,789 Maple Ave,Los Angeles,IL,63316,Canada
150,Eve,Williams,eve.williams@example.com,898-8512,101 Pine Rd,New York,NY,82719,USA
151,Hank,Wilson,hank.wilson@company.com,671-5990,456 Elm St,New York,IL,11800,USA
152,Hank,Garcia,hank.garcia@domain.com,992-3947,789 Maple Ave,Houston,TX,42127,Canada
153,Bob,Johnson,bob.johnson@company.com,280-2152,101 Pine Rd,Phoenix,CA,38118,Canada
154,Grace,Brown,grace.brown@domain.com,732-4812,101 Pine Rd,Phoenix,TX,23787,Mexico
155,Jane,Garcia,jane.garcia@example.com,927-3499,123 Main St,Houston,TX,50926,Canada
156,John,Wilson,john.wilson@domain.com,671-4393,123 Main St,Los Angeles,NY,53799,Canada
157,John,Miller,john.miller@company.com,670-7955,202 Oak St,New York,NY,11568,Mexico
158,Charlie,Johnson,charlie.johnson@mail.com,203-1871,789 Maple Ave,New York,NY,30379,Canada
159,Frank,Williams,frank.williams@domain.com,699-1150,101 Pine Rd,New York,CA,58943,USA
160,Charlie,Wilson,charlie.wilson@example.com,337-9457,101 Pine Rd,Chicago,TX,35062,Mexico
161,John,Jones,john.jones@domain.com,415-7282,101 Pine Rd,New York,AZ,38200,Canada
162,John,Williams,john.williams@example.com,806-9454,101 Pine Rd,Los Angeles,IL,70973,Canada
163,Grace,Rodriguez,grace.rodriguez@domain.com,254-8870,789 Maple Ave,Los Angeles,AZ,19447,Canada
164,Diana,Davis,diana.davis@mail.com,548-3095,123 Main St,Phoenix,AZ,99071,Canada
165,Alice,Johnson,alice.johnson@example.com,954-4305,789 Maple Ave,Chicago,TX,67693,USA
166,Diana,Rodriguez,diana.rodriguez@example.com,946-7496,789 Maple Ave,Phoenix,TX,10528,Canada
167,Charlie,Jones,charlie.jones@example.com,918-3074,456 Elm St,Los Angeles,TX,30711,USA
168,Eve,Smith,eve.smith@domain.com,523-2341,789 Maple Ave,Phoenix,NY,65648,USA
169,Frank,Garcia,frank.garcia@domain.com,106-2569,123 Main St,Los Angeles,NY,53225,Canada
170,Alice,Rodriguez,alice.rodriguez@domain.com,312-9464,789 Maple Ave,New York,CA,57387,Canada
171,Diana,Miller,diana.miller@company.com,850-3676,123 Main St,New York,NY,40011,Mexico
172,Hank,Brown,hank.brown@example.com,861-2578,789 Maple Ave,Phoenix,TX,33914,Canada
173,Charlie,Williams,charlie.williams@mail.com,410-7259,789 Maple Ave,Houston,AZ,12687,USA
174,Eve,Garcia,eve.garcia@mail.com,540-6726,123 Main St,New York,IL,34694,USA
175,Diana,Davis,diana.davis@company.com,434-6077,456 Elm St,Phoenix,TX,72433,Canada
176,Diana,Rodriguez,diana.rodriguez@domain.com,413-8617,202 Oak St,New York,TX,36694,Canada
177,Jane,Wilson,jane.wilson@domain.com,331-3598,202 Oak St,Houston,TX,19980,Mexico
178,Hank,Johnson,hank.johnson@company.com,881-4695,101 Pine Rd,Phoenix,TX,49402,Mexico
179,Bob,Johnson,bob.johnson@company.com,939-1641,101 Pine Rd,Los Angeles,CA,46408,USA
180,Eve,Jones,eve.jones@example.com,628-5805,123 Main St,Phoenix,IL,11572,Mexico
181,Eve,Davis,eve.davis@company.com,205-7570,123 Main St,New York,NY,45853,Canada
182,Jane,Brown,jane.brown@example.com,708-6963,789 Maple Ave,Chicago,IL,62309,Mexico
183,Frank,Garcia,frank.garcia@domain.com,583-4489,123 Main St,New York,TX,34370,Canada
184,Eve,Davis,eve.davis@mail.com,134-4664,789 Maple Ave,Chicago,NY,34382,Mexico
185,Eve,Davis,eve.davis@domain.com,853-8556,101 Pine Rd,Houston,NY,48997,USA
186,Alice,Davis,alice.davis@mail.com,195-7636,456 Elm St,Los Angeles,IL,27768,USA
187,Charlie,Jones,charlie.jones@example.com,368-8328,456 Elm St,Los Angeles,NY,96878,Mexico
188,Jane,Davis,jane.davis@example.com,853-3794,456 Elm St,New York,IL,56241,Mexico
189,Frank,Jones,frank.jones@example.com,414-5590,123 Main St,Phoenix,AZ,41116,USA
190,Alice,Wilson,alice.wilson@example.com,189-7798,789 Maple Ave,Phoenix,CA,78167,Canada
191,Eve,Smith,eve.smith@company.com,841-2586,202 Oak St,New York,CA,29287,Mexico
192,Hank,Smith,hank.smith@domain.com,311-2342,123 Main St,Chicago,CA,92556,USA
193,Bob,Garcia,bob.garcia@example.com,199-4210,123 Main St,Los Angeles,CA,49513,Mexico
194,Grace,Smith,grace.smith@example.com,403-4971,202 Oak St,Chicago,NY,74966,USA
195,John,Rodriguez,john.rodriguez@company.com,670-9802,202 Oak St,Phoenix,IL,39657,USA
196,John,Miller,john.miller@example.com,252-4710,789 Maple Ave,Phoenix,IL,95417,USA
197,Charlie,Johnson,charlie.johnson@domain.com,704-8697,101 Pine Rd,Chicago,TX,59042,USA
198,Eve,Garcia,eve.garcia@example.com,216-1413,123 Main St,Los Angeles,NY,69683,Canada
199,Diana,Johnson,diana.johnson@domain.com,383-2137,123 Main St,Phoenix,IL,20992,Canada
200,Hank,Davis,hank.davis@mail.com,636-3997,202 Oak St,Houston,TX,60905,USA
201,Charlie,Garcia,charlie.garcia@domain.com,251-8825,123 Main St,Chicago,TX,53323,Canada
202,Grace,Williams,grace.williams@company.com,791-7055,101 Pine Rd,Phoenix,TX,37528,Canada
203,John,Davis,john.davis@company.com,329-2697,789 Maple Ave,Phoenix,TX,16757,Mexico
204,Frank,Garcia,frank.garcia@example.com,535-5545,789 Maple Ave,New York,NY,93284,USA
205,Charlie,Davis,charlie.davis@example.com,759-9582,101 Pine Rd,New York,NY,52642,Canada
206,Charlie,Wilson,charlie.wilson@domain.com,244-6389,202 Oak St,Los Angeles,AZ,90096,USA
207,Eve,Brown,eve.brown@company.com,318-4983,456 Elm St,Phoenix,AZ,34000,Canada
208,Jane,Miller,jane.miller@domain.com,139-8370,789 Maple Ave,New York,AZ,80611,Canada
209,Diana,Johnson,diana.johnson@domain.com,895-3473,202 Oak St,Phoenix,IL,76841,Canada
210,Alice,Brown,alice.brown@mail.com,200-1568,101 Pine Rd,Phoenix,TX,89318,Mexico
211,Jane,Williams,jane.williams@mail.com,850-7919,202 Oak St,Los Angeles,AZ,81590,USA
212,John,Davis,john.davis@domain.com,276-8911,202 Oak St,Chicago,CA,68482,Mexico
213,Charlie,Smith,charlie.smith@example.com,139-6117,789 Maple Ave,Chicago,AZ,81923,Canada
214,Grace,Williams,grace.williams@company.com,239-3027,456 Elm St,Houston,CA,78233,USA
215,Diana,Smith,diana.smith@domain.com,720-7255,202 Oak St,Los Angeles,IL,81647,Canada
216,Frank,Garcia,frank.garcia@example.com,828-7809,789 Maple Ave,Chicago,CA,58081,Canada
217,Eve,Davis,eve.davis@company.com,204-8474,101 Pine Rd,Houston,CA,37598,USA
218,Charlie,Brown,charlie.brown@domain.com,790-1126,789 Maple Ave,Houston,NY,23332,USA
219,Diana,Davis,diana.davis@domain.com,612-7832,123 Main St,Chicago,CA,65205,Canada
220,Hank,Williams,hank.williams@mail.com,941-4523,456 Elm St,Phoenix,AZ,57061,Canada
221,Diana,Davis,diana.davis@example.com,170-6700,456 Elm St,Phoenix,CA,95507,Canada
222,Alice,Davis,alice.davis@example.com,295-9944,789 Maple Ave,Chicago,IL,72932,Mexico
223,Grace,Wilson,grace.wilson@example.com,962-8167,101 Pine Rd,Houston,IL,65867,Mexico
224,Hank,Garcia,hank.garcia@example.com,154-6551,202 Oak St,New York,CA,39768,USA
225,Bob,Jones,bob.jones@domain.com,628-2350,789 Maple Ave,Houston,IL,48420,Canada
226,Jane,Wilson,jane.wilson@company.com,834-9824,202 Oak St,Phoenix,NY,49896,Mexico
227,Eve,Smith,eve.smith@domain.com,411-2638,789 Maple Ave,Houston,TX,13329,USA
228,Jane,Rodriguez,jane.rodriguez@company.com,556-1678,101 Pine Rd,Los Angeles,IL,43526,Mexico
229,Grace,Williams,grace.williams@example.com,948-6241,789 Maple Ave,New York,TX,63371,USA
230,Jane,Williams,jane.williams@domain.com,570-5382,202 Oak St,Los Angeles,IL,39588,Mexico
231,Charlie,Smith,charlie.smith@example.com,219-6577,202 Oak St,Chicago,AZ,19235,Canada
232,Diana,Wilson,diana.wilson@example.com,234-9167,123 Main St,Chicago,TX,55015,USA
233,Alice,Rodriguez,alice.rodriguez@example.com,376-6346,456 Elm St,Phoenix,NY,87821,Canada
234,Alice,Williams,alice.williams@company.com,757-8296,789 Maple Ave,Houston,NY,28590,Canada
235,Hank,Johnson,hank.johnson@example.com,131-7069,789 Maple Ave,Phoenix,CA,56078,Canada
236,Jane,Miller,jane.miller@mail.com,953-3171,202 Oak St,Chicago,NY,96142,Mexico
237,Alice,Wilson,alice.wilson@mail.com,243-3050,456 Elm St,New York,IL,96164,USA
238,John,Williams,john.williams@example.com,455-5864,789 Maple Ave,New York,AZ,62041,Mexico
239,Jane,Williams,jane.williams@mail.com,382-8560,101 Pine Rd,Houston,IL,76372,Mexico
240,Diana,Garcia,diana.garcia@company.com,448-4622,123 Main St,Los Angeles,AZ,97964,Mexico
241,Jane,Miller,jane.miller@domain.com,520-4117,789 Maple Ave,Chicago,IL,72819,USA
242,Eve,Johnson,eve.johnson@example.com,874-3761,202 Oak St,Los Angeles,IL,58986,Canada
243,Hank,Jones,hank.jones@domain.com,533-1775,101 Pine Rd,Chicago,AZ,97171,Canada
244,Charlie,Johnson,charlie.johnson@domain.com,258-7465,123 Main St,New York,CA,22629,USA
245,Diana,Williams,diana.williams@mail.com,949-6498,123 Main St,New York,AZ,73654,Canada
246,Grace,Smith,grace.smith@domain.com,919-3431,789 Maple Ave,New York,NY,44205,Canada
247,Diana,Williams,diana.williams@company.com,214-6983,202 Oak St,Houston,CA,81067,Canada
248,Grace,Smith,grace.smith@domain.com,572-3053,789 Maple Ave,Los Angeles,IL,81597,USA
249,Grace,Smith,grace.smith@mail.com,686-9593,456 Elm St,New York,NY,70307,Mexico
250,Jane,Williams,jane.williams@domain.com,459-8149,101 Pine Rd,Houston,IL,72060,Mexico
251,Grace,Davis,grace.davis@example.com,269-2677,789 Maple Ave,Houston,IL,45792,Canada
252,Eve,Williams,eve.williams@domain.com,107-9358,789 Maple Ave,Los Angeles,AZ,94374,USA
253,Hank,Davis,hank.davis@domain.com,828-1863,789 Maple Ave,Phoenix,CA,95036,USA
254,John,Davis,john.davis@company.com,846-2594,101 Pine Rd,New York,TX,27626,Canada
255,Alice,Davis,alice.davis@example.com,252-4846,123 Main St,Houston,TX,47563,Mexico
256,Diana,Rodriguez,diana.rodriguez@domain.com,195-9631,789 Maple Ave,Phoenix,TX,43978,USA
257,John,Johnson,john.johnson@company.com,602-8199,789 Maple Ave,Houston,CA,43633,Canada
258,Jane,Williams,jane.williams@example.com,239-4991,202 Oak St,Houston,AZ,37756,Mexico
259,Eve,Smith,eve.smith@domain.com,108-4305,101 Pine Rd,Chicago,NY,99224,Canada
260,Hank,Davis,hank.davis@domain.com,591-1959,202 Oak St,New York,TX,71096,USA
261,Grace,Jones,grace.jones@domain.com,166-8141,202 Oak St,Houston,IL,78732,USA
262,Alice,Miller,alice.miller@domain.com,170-7622,789 Maple Ave,Phoenix,AZ,59458,Mexico
263,John,Williams,john.williams@company.com,119-2226,123 Main St,Phoenix,AZ,82576,Canada
264,Eve,Williams,eve.williams@company.com,873-8329,456 Elm St,Phoenix,IL,40192,USA
265,Eve,Smith,eve.smith@example.com,346-8228,202 Oak St,Los Angeles,NY,41107,Mexico
266,Charlie,Jones,charlie.jones@domain.com,257-1465,456 Elm St,New York,IL,13229,USA
267,John,Miller,john.miller@example.com,499-2722,456 Elm St,Houston,CA,30639,USA
268,Grace,Wilson,grace.wilson@domain.com,383-2760,789 Maple Ave,Houston,TX,84974,Mexico
269,Bob,Smith,bob.smith@example.com,115-8662,789 Maple Ave,Houston,IL,19504,Mexico
270,Grace,Wilson,grace.wilson@example.com,150-1392,789 Maple Ave,Phoenix,NY,63001,USA
271,Frank,Brown,frank.brown@example.com,917-9855,123 Main St,New York,NY,46673,Mexico
272,Bob,Rodriguez,bob.rodriguez@company.com,327-5266,456 Elm St,Los Angeles,IL,61813,USA
273,Grace,Wilson,grace.wilson@domain.com,735-4333,789 Maple Ave,Los Angeles,IL,39372,Mexico
274,Charlie,Davis,charlie.davis@company.com,701-1569,202 Oak St,New York,IL,63682,USA
275,Grace,Miller,grace.miller@mail.com,332-3535,123 Main St,New York,AZ,97121,Canada
276,Jane,Davis,jane.davis@mail.com,819-1044,123 Main St,New York,AZ,76703,Canada
277,Charlie,Smith,charlie.smith@company.com,209-5862,202 Oak St,New York,TX,31034,USA
278,Hank,Davis,hank.davis@domain.com,685-6129,202 Oak St,Phoenix,NY,62906,Canada
279,Frank,Brown,frank.brown@example.com,232-1585,123 Main St,Phoenix,IL,84670,Canada
280,Charlie,Davis,charlie.davis@company.com,120-9309,789 Maple Ave,Chicago,TX,23117,USA
281,Hank,Brown,hank.brown@example.com,534-5726,123 Main St,Phoenix,AZ,26080,Canada
282,Hank,Smith,hank.smith@domain.com,796-1913,123 Main St,New York,IL,93149,Mexico
283,Frank,Miller,frank.miller@domain.com,153-5301,101 Pine Rd,Phoenix,AZ,32670,USA
284,Charlie,Jones,charlie.jones@example.com,611-9943,101 Pine Rd,New York,TX,87904,Canada
285,Diana,Jones,diana.jones@domain.com,441-1328,202 Oak St,Los Angeles,AZ,51034,Canada
286,Eve,Jones,eve.jones@mail.com,498-2540,456 Elm St,Houston,CA,28466,Mexico
287,Grace,Garcia,grace.garcia@example.com,869-6540,123 Main St,Houston,NY,63956,Mexico
288,Alice,Williams,alice.williams@company.com,556-8869,202 Oak St,Chicago,CA,13363,Canada
289,John,Miller,john.miller@mail.com,157-3874,456 Elm St,Chicago,IL,50091,USA
290,Bob,Smith,bob.smith@domain.com,387-7431,202 Oak St,Houston,CA,33769,USA
291,Bob,Johnson,bob.johnson@domain.com,319-6607,789 Maple Ave,Houston,NY,28515,USA
292,Bob,Davis,bob.davis@example.com,318-3186,123 Main St,Los Angeles,CA,25573,Mexico
293,Diana,Wilson,diana.wilson@mail.com,834-6424,202 Oak St,Houston,NY,88748,Canada
294,Diana,Garcia,diana.garcia@domain.com,331-4196,101 Pine Rd,Los Angeles,CA,62956,USA
295,Eve,Rodriguez,eve.rodriguez@company.com,353-8749,202 Oak St,Chicago,TX,29080,Mexico
296,Diana,Smith,diana.smith@mail.com,377-5017,101 Pine Rd,Houston,CA,91856,Canada
297,Eve,Smith,eve.smith@example.com,570-8019,456 Elm St,New York,AZ,36086,Mexico
298,Alice,Smith,alice.smith@company.com,126-4896,456 Elm St,Houston,AZ,68811,Mexico
299,Hank,Miller,hank.miller@example.com,765-8168,202 Oak St,Houston,TX,56928,Canada
300,Hank,Williams,hank.williams@domain.com,148-7734,789 Maple Ave,Chicago,NY,83546,Canada
301,Jane,Garcia,jane.garcia@company.com,960-1545,456 Elm St,Los Angeles,AZ,83740,USA
302,Jane,Williams,jane.williams@example.com,751-4498,789 Maple Ave,Houston,IL,68558,USA
303,Bob,Brown,bob.brown@domain.com,759-3941,101 Pine Rd,Houston,TX,87169,Mexico
304,Charlie,Rodriguez,charlie.rodriguez@mail.com,887-9993,101 Pine Rd,Phoenix,NY,48558,Canada
305,Eve,Brown,eve.brown@company.com,895-1437,456 Elm St,Phoenix,NY,76139,Canada
306,Charlie,Wilson,charlie.wilson@mail.com,118-6303,101 Pine Rd,New York,TX,93935,Mexico
307,Frank,Smith,frank.smith@example.com,573-4759,123 Main St,New York,NY,45264,Mexico
308,Frank,Wilson,frank.wilson@example.com,515-3910,123 Main St,Phoenix,AZ,99149,Canada
309,Alice,Johnson,alice.johnson@company.com,694-1027,202 Oak St,Houston,TX,69800,Canada
310,Jane,Wilson,jane.wilson@example.com,896-8638,456 Elm St,Houston,CA,40862,Mexico
311,Diana,Smith,diana.smith@mail.com,555-5141,101 Pine Rd,Chicago,AZ,84363,USA
312,Hank,Wilson,hank.wilson@domain.com,699-6028,789 Maple Ave,Houston,CA,66224,USA
313,Eve,Johnson,eve.johnson@domain.com,876-9313,456 Elm St,Houston,NY,59578,USA
314,Frank,Davis,frank.davis@company.com,448-3903,456 Elm St,Phoenix,IL,48692,Mexico
315,Jane,Wilson,jane.wilson@domain.com,495-1318,456 Elm St,New York,TX,88850,Mexico
316,Bob,Wilson,bob.wilson@domain.com,963-3755,202 Oak St,Los Angeles,NY,71825,USA
317,John,Davis,john.davis@mail.com,535-1993,456 Elm St,Chicago,IL,74469,Canada
318,Eve,Miller,eve.miller@domain.com,399-6122,202 Oak St,New York,CA,95105,Mexico
319,Eve,Williams,eve.williams@mail.com,375-6831,123 Main St,Houston,TX,31919,USA
320,Alice,Garcia,alice.garcia@company.com,111-4568,456 Elm St,Phoenix,IL,13813,Canada
321,Bob,Johnson,bob.johnson@example.com,458-1668,789 Maple Ave,New York,NY,56826,Mexico
322,Charlie,Miller,charlie.miller@domain.com,580-7511,456 Elm St,New York,NY,52177,Canada
323,Charlie,Davis,charlie.davis@mail.com,943-9493,789 Maple Ave,Phoenix,IL,41163,Mexico
324,Diana,Wilson,diana.wilson@example.com,375-2176,101 Pine Rd,Phoenix,CA,88520,Canada
325,Diana,Davis,diana.davis@company.com,842-3502,789 Maple Ave,Los Angeles,CA,53766,USA
326,Eve,Williams,eve.williams@mail.com,722-6981,202 Oak St,Phoenix,CA,52574,Mexico
327,Bob,Wilson,bob.wilson@mail.com,626-3218,456 Elm St,New York,AZ,56186,Canada
328,John,Wilson,john.wilson@company.com,307-9711,456 Elm St,Los Angeles,TX,62741,USA
329,Hank,Smith,hank.smith@example.com,586-8409,101 Pine Rd,Houston,AZ,66146,Mexico
330,Diana,Garcia,diana.garcia@example.com,862-4979,789 Maple Ave,Houston,CA,98863,Canada
331,Grace,Miller,grace.miller@company.com,921-1555,202 Oak St,Chicago,CA,29632,USA
332,Bob,Williams,bob.williams@example.com,885-3369,789 Maple Ave,Phoenix,NY,98730,Mexico
333,John,Garcia,john.garcia@mail.com,553-2246,789 Maple Ave,Phoenix,TX,40466,Canada
334,Jane,Garcia,jane.garcia@example.com,589-2035,456 Elm St,Houston,NY,14997,Mexico
335,Jane,Miller,jane.miller@example.com,193-7894,456 Elm St,Houston,IL,89527,Canada
336,Frank,Garcia,frank.garcia@mail.com,895-2411,123 Main St,Los Angeles,CA,26335,USA
337,John,Brown,john.brown@example.com,224-4294,123 Main St,Los Angeles,IL,86363,Canada
338,Diana,Miller,diana.miller@domain.com,708-6140,101 Pine Rd,Los Angeles,TX,81321,Canada
339,Charlie,Rodriguez,charlie.rodriguez@mail.com,561-2029,101 Pine Rd,Chicago,TX,62248,Mexico
340,Alice,Garcia,alice.garcia@domain.com,579-5532,456 Elm St,Chicago,AZ,41248,USA
341,Charlie,Smith,charlie.smith@mail.com,938-2805,123 Main St,New York,TX,25645,USA
342,Alice,Davis,alice.davis@domain.com,521-6567,101 Pine Rd,Los Angeles,NY,11972,USA
343,Hank,Jones,hank.jones@example.com,598-2597,202 Oak St,Chicago,IL,78092,Mexico
344,Jane,Davis,jane.davis@domain.com,376-9366,456 Elm St,Los Angeles,NY,86832,Mexico
345,Eve,Williams,eve.williams@example.com,288-7079,101 Pine Rd,New York,AZ,95138,Mexico
346,Bob,Miller,bob.miller@company.com,232-6254,202 Oak St,Houston,AZ,24091,Canada
347,Charlie,Jones,charlie.jones@mail.com,979-8753,456 Elm St,Chicago,TX,20192,USA
348,Frank,Garcia,frank.garcia@example.com,691-2988,202 Oak St,Phoenix,TX,29950,Mexico
349,Jane,Rodriguez,jane.rodriguez@company.com,548-2325,456 Elm St,Los Angeles,IL,85295,Mexico
350,Charlie,Jones,charlie.jones@example.com,621-8386,123 Main St,Phoenix,NY,68376,USA
351,Grace,Garcia,grace.garcia@company.com,630-9702,789 Maple Ave,Chicago,TX,35368,USA
352,John,Williams,john.williams@domain.com,356-9593,123 Main St,Houston,IL,80039,Canada
353,Eve,Smith,eve.smith@example.com,855-1354,123 Main St,Phoenix,AZ,65395,Canada
354,Alice,Williams,alice.williams@example.com,412-7895,123 Main St,Phoenix,TX,29628,Mexico
355,Bob,Garcia,bob.garcia@company.com,934-9744,789 Maple Ave,New York,TX,19263,Canada
356,Eve,Rodriguez,eve.rodriguez@example.com,568-1930,101 Pine Rd,New York,TX,85770,Canada
357,Grace,Smith,grace.smith@example.com,950-4632,202 Oak St,Phoenix,CA,80087,Canada
358,Eve,Johnson,eve.johnson@example.com,807-6957,101 Pine Rd,Los Angeles,IL,80142,USA
359,Charlie,Miller,charlie.miller@example.com,600-6864,456 Elm St,Phoenix,TX,89644,USA
360,Diana,Davis,diana.davis@domain.com,615-5980,789 Maple Ave,Phoenix,TX,16206,USA
361,Jane,Brown,jane.brown@company.com,627-9815,123 Main St,Phoenix,AZ,33624,Canada
362,Hank,Miller,hank.miller@mail.com,503-8609,123 Main St,Houston,IL,83294,USA
363,Diana,Johnson,diana.johnson@example.com,714-8266,123 Main St,Chicago,AZ,43111,USA
364,Eve,Garcia,eve.garcia@example.com,445-4001,202 Oak St,New York,TX,66575,Mexico
365,Charlie,Williams,charlie.williams@company.com,477-9867,202 Oak St,Houston,TX,65652,USA
366,Alice,Rodriguez,alice.rodriguez@mail.com,846-8815,789 Maple Ave,Phoenix,TX,75424,Mexico
367,Jane,Smith,jane.smith@domain.com,443-7569,456 Elm St,Chicago,CA,74376,Mexico
368,Charlie,Brown,charlie.brown@example.com,919-3466,123 Main St,Phoenix,CA,37798,USA
369,Diana,Wilson,diana.wilson@example.com,514-8970,202 Oak St,New York,AZ,22136,Canada
370,Bob,Miller,bob.miller@example.com,437-8554,456 Elm St,Houston,NY,21854,USA
371,Diana,Johnson,diana.johnson@mail.com,691-6710,789 Maple Ave,New York,CA,11129,USA
372,Diana,Miller,diana.miller@company.com,587-4770,202 Oak St,New York,TX,41873,Canada
373,Frank,Johnson,frank.johnson@company.com,882-8147,202 Oak St,Chicago,IL,92860,Mexico
374,Bob,Smith,bob.smith@mail.com,493-6679,101 Pine Rd,New York,IL,65066,Mexico
375,Bob,Davis,bob.davis@example.com,278-2955,123 Main St,Houston,IL,31036,Mexico
376,Grace,Smith,grace.smith@domain.com,889-5855,123 Main St,Phoenix,CA,45314,USA
377,Eve,Rodriguez,eve.rodriguez@company.com,125-5914,456 Elm St,Chicago,NY,19261,Canada
378,Charlie,Davis,charlie.davis@company.com,595-8906,456 Elm St,Chicago,IL,53736,Mexico
379,Grace,Williams,grace.williams@mail.com,281-5328,101 Pine Rd,Chicago,NY,31225,Canada
380,John,Williams,john.williams@company.com,349-8459,789 Maple Ave,Los Angeles,IL,21012,Mexico
381,Charlie,Smith,charlie.smith@example.com,439-3433,789 Maple Ave,Chicago,NY,28722,Canada
382,Grace,Davis,grace.davis@example.com,867-6723,123 Main St,Los Angeles,NY,85601,Canada
383,Jane,Brown,jane.brown@domain.com,737-8362,789 Maple Ave,Los Angeles,CA,76343,Mexico
384,Grace,Jones,grace.jones@example.com,141-5903,789 Maple Ave,Houston,NY,78977,Canada
385,Frank,Davis,frank.davis@company.com,990-4072,789 Maple Ave,Phoenix,TX,45731,Canada
386,Diana,Brown,diana.brown@example.com,278-7840,202 Oak St,Houston,TX,45637,Mexico
387,Frank,Wilson,frank.wilson@domain.com,172-5229,456 Elm St,New York,AZ,95241,Canada
388,Charlie,Smith,charlie.smith@example.com,795-6477,123 Main St,Phoenix,AZ,87505,Mexico
389,Frank,Davis,frank.davis@example.com,818-9845,101 Pine Rd,Los Angeles,IL,27332,USA
390,Diana,Brown,diana.brown@example.com,229-1797,101 Pine Rd,Houston,AZ,17995,Canada
391,Grace,Jones,grace.jones@example.com,858-8134,202 Oak St,Phoenix,NY,44841,Canada
392,Eve,Smith,eve.smith@example.com,105-4215,456 Elm St,Chicago,NY,28421,Canada
393,Hank,Williams,hank.williams@mail.com,863-5889,789 Maple Ave,Phoenix,IL,72664,USA
394,Alice,Garcia,alice.garcia@company.com,679-4266,789 Maple Ave,Phoenix,CA,60694,Mexico
395,Frank,Rodriguez,frank.rodriguez@domain.com,376-6953,202 Oak St,Phoenix,IL,70204,Mexico
396,Frank,Rodriguez,frank.rodriguez@example.com,100-9115,789 Maple Ave,Los Angeles,TX,80633,Canada
397,Frank,Brown,frank.brown@example.com,129-8349,101 Pine Rd,Houston,TX,12343,Canada
398,Alice,Miller,alice.miller@example.com,999-1859,789 Maple Ave,Houston,NY,25671,Mexico
399,Diana,Wilson,diana.wilson@company.com,589-3051,789 Maple Ave,Los Angeles,TX,74974,USA
400,Alice,Brown,alice.brown@domain.com,115-2828,456 Elm St,New York,IL,70992,Canada
401,Diana,Brown,diana.brown@example.com,779-2526,456 Elm St,Phoenix,NY,31338,Mexico
402,Charlie,Rodriguez,charlie.rodriguez@mail.com,201-6789,202 Oak St,Chicago,AZ,87323,Canada
403,John,Davis,john.davis@company.com,640-5074,456 Elm St,Chicago,IL,69647,USA
404,Charlie,Miller,charlie.miller@mail.com,886-5976,101 Pine Rd,Los Angeles,CA,16007,Mexico
405,Hank,Williams,hank.williams@company.com,725-8488,101 Pine Rd,Los Angeles,NY,20227,USA
406,Alice,Johnson,alice.johnson@mail.com,934-8831,101 Pine Rd,Chicago,CA,63409,Mexico
407,John,Wilson,john.wilson@example.com,152-8485,101 Pine Rd,Chicago,TX,84253,Mexico
408,Diana,Williams,diana.williams@mail.com,249-9145,202 Oak St,New York,NY,98280,USA
409,John,Garcia,john.garcia@example.com,574-6090,202 Oak St,Houston,CA,21611,Canada
410,Eve,Smith,eve.smith@example.com,524-6445,101 Pine Rd,Phoenix,NY,34479,Canada
411,Alice,Brown,alice.brown@company.com,704-3202,202 Oak St,Chicago,AZ,84367,Canada
412,Eve,Smith,eve.smith@company.com,635-1652,456 Elm St,Chicago,TX,66803,USA
413,Eve,Brown,eve.brown@company.com,659-2169,101 Pine Rd,Phoenix,CA,12674,Canada
414,Hank,Wilson,hank.wilson@example.com,342-2740,456 Elm St,Los Angeles,NY,57424,USA
415,Diana,Johnson,diana.johnson@mail.com,641-3403,202 Oak St,Los Angeles,CA,80763,Mexico
416,Frank,Smith,frank.smith@company.com,156-2327,202 Oak St,New York,AZ,25345,Mexico
417,Jane,Davis,jane.davis@example.com,879-3815,789 Maple Ave,New York,AZ,58010,Canada
418,Jane,Johnson,jane.johnson@example.com,400-1058,202 Oak St,Houston,NY,82645,USA
419,Diana,Garcia,diana.garcia@example.com,573-5286,101 Pine Rd,Los Angeles,TX,46754,Canada
420,Bob,Williams,bob.williams@mail.com,581-2307,101 Pine Rd,Houston,AZ,88427,USA
421,Hank,Brown,hank.brown@mail.com,423-3971,101 Pine Rd,Phoenix,TX,97730,Canada
422,Diana,Smith,diana.smith@domain.com,323-6312,456 Elm St,Houston,TX,12838,Canada
423,Diana,Smith,diana.smith@company.com,913-7097,456 Elm St,Los Angeles,TX,63922,USA
424,Bob,Garcia,bob.garcia@domain.com,658-9383,789 Maple Ave,Phoenix,TX,29185,USA
425,John,Miller,john.miller@company.com,825-3409,202 Oak St,Houston,IL,23789,Canada
426,Grace,Smith,grace.smith@mail.com,308-2078,101 Pine Rd,New York,TX,76740,USA
427,Grace,Jones,grace.jones@company.com,348-4816,101 Pine Rd,Phoenix,TX,55724,USA
428,Alice,Smith,alice.smith@domain.com,972-7858,456 Elm St,New York,TX,42171,Mexico
429,Frank,Garcia,frank.garcia@example.com,756-4408,202 Oak St,Houston,CA,30164,USA
430,Jane,Wilson,jane.wilson@mail.com,735-1641,456 Elm St,Houston,NY,42583,Canada
431,Hank,Brown,hank.brown@mail.com,463-2150,123 Main St,Chicago,TX,64808,Canada
432,Frank,Johnson,frank.johnson@example.com,576-7639,789 Maple Ave,Phoenix,AZ,42869,USA
433,Jane,Johnson,jane.johnson@mail.com,164-4877,456 Elm St,Phoenix,IL,58174,Canada
434,John,Miller,john.miller@mail.com,240-9524,456 Elm St,Chicago,CA,59800,Mexico
435,John,Smith,john.smith@example.com,421-5646,202 Oak St,Houston,AZ,26278,USA
436,Eve,Wilson,eve.wilson@mail.com,556-3534,202 Oak St,Phoenix,IL,95434,USA
437,John,Garcia,john.garcia@company.com,627-8240,202 Oak St,Houston,NY,56608,Canada
438,Alice,Rodriguez,alice.rodriguez@company.com,385-7241,123 Main St,Chicago,NY,60130,Canada
439,John,Smith,john.smith@domain.com,545-2343,456 Elm St,Phoenix,CA,73721,Mexico
440,Hank,Jones,hank.jones@mail.com,765-2212,101 Pine Rd,Houston,TX,48539,Mexico
441,Diana,Wilson,diana.wilson@mail.com,725-9442,101 Pine Rd,Phoenix,NY,87065,Mexico
442,Bob,Jones,bob.jones@company.com,406-2234,123 Main St,New York,NY,77441,Canada
443,Jane,Smith,jane.smith@example.com,604-4717,123 Main St,New York,IL,38253,Mexico
444,Charlie,Miller,charlie.miller@example.com,333-7943,123 Main St,Houston,TX,17353,Canada
445,Eve,Miller,eve.miller@company.com,837-1269,202 Oak St,Phoenix,IL,70663,Mexico
446,Jane,Johnson,jane.johnson@company.com,771-8025,123 Main St,Los Angeles,AZ,10462,Canada
447,John,Smith,john.smith@domain.com,797-4955,101 Pine Rd,Los Angeles,CA,37177,Canada
448,Alice,Johnson,alice.johnson@company.com,269-7716,101 Pine Rd,Houston,TX,73180,USA
449,John,Jones,john.jones@domain.com,881-7973,202 Oak St,New York,NY,81614,USA
450,Jane,Smith,jane.smith@company.com,469-5362,101 Pine Rd,Houston,CA,45022,Canada
451,Eve,Miller,eve.miller@company.com,199-2509,123 Main St,Los Angeles,AZ,38865,USA
452,Frank,Wilson,frank.wilson@company.com,145-9075,456 Elm St,Chicago,IL,71671,USA
453,Jane,Jones,jane.jones@domain.com,117-5042,456 Elm St,Los Angeles,IL,29680,USA
454,John,Brown,john.brown@company.com,496-4991,456 Elm St,Los Angeles,TX,27811,USA
455,John,Brown,john.brown@mail.com,825-7257,101 Pine Rd,Phoenix,NY,29947,Canada
456,Diana,Williams,diana.williams@domain.com,428-8833,202 Oak St,Chicago,IL,73801,Mexico
457,Frank,Williams,frank.williams@example.com,518-1142,123 Main St,New York,IL,11238,Mexico
458,Grace,Jones,grace.jones@company.com,519-7337,123 Main St,New York,AZ,54877,Canada
459,Hank,Garcia,hank.garcia@domain.com,234-3712,101 Pine Rd,Chicago,CA,92421,Mexico
460,Diana,Miller,diana.miller@mail.com,599-6563,456 Elm St,New York,IL,40262,Canada
461,John,Brown,john.brown@mail.com,256-4570,101 Pine Rd,New York,IL,12192,Mexico
462,Charlie,Jones,charlie.jones@company.com,152-8947,202 Oak St,New York,IL,93652,Canada
463,Alice,Williams,alice.williams@company.com,672-1820,123 Main St,New York,TX,22497,Mexico
464,Grace,Garcia,grace.garcia@example.com,427-6911,101 Pine Rd,Los Angeles,AZ,23790,Canada
465,Jane,Smith,jane.smith@mail.com,246-5637,101 Pine Rd,Los Angeles,TX,41510,USA
466,Hank,Smith,hank.smith@example.com,309-3541,456 Elm St,New York,CA,96439,Mexico
467,Charlie,Davis,charlie.davis@company.com,325-4939,101 Pine Rd,Los Angeles,AZ,66813,Canada
468,Charlie,Miller,charlie.miller@domain.com,278-6839,202 Oak St,Phoenix,IL,72706,USA
469,Eve,Wilson,eve.wilson@domain.com,746-9695,789 Maple Ave,Los Angeles,CA,17449,Canada
470,Frank,Miller,frank.miller@domain.com,369-5158,202 Oak St,Chicago,AZ,25004,Canada
471,Hank,Brown,hank.brown@company.com,775-6569,123 Main St,Los Angeles,AZ,64985,USA
472,John,Brown,john.brown@domain.com,960-7053,789 Maple Ave,Phoenix,CA,20774,USA
473,Alice,Davis,alice.davis@example.com,507-3610,456 Elm St,Los Angeles,CA,55219,USA
474,Jane,Johnson,jane.johnson@mail.com,997-3672,202 Oak St,New York,NY,32844,Mexico
475,Hank,Brown,hank.brown@example.com,309-8971,101 Pine Rd,Houston,NY,29831,Mexico
476,Charlie,Miller,charlie.miller@company.com,537-5185,789 Maple Ave,New York,CA,82877,Mexico
477,John,Williams,john.williams@example.com,996-3338,101 Pine Rd,Los Angeles,NY,55006,Canada
478,Hank,Davis,hank.davis@mail.com,539-8960,123 Main St,Houston,NY,75037,Mexico
479,John,Jones,john.jones@mail.com,211-4639,123 Main St,Los Angeles,TX,75637,Canada
480,John,Johnson,john.johnson@company.com,589-6702,123 Main St,Chicago,AZ,48628,Mexico
481,Grace,Smith,grace.smith@domain.com,176-3685,789 Maple Ave,Phoenix,TX,58466,Mexico
482,Charlie,Miller,charlie.miller@domain.com,598-8585,456 Elm St,Chicago,IL,31199,Mexico
483,John,Jones,john.jones@mail.com,829-4658,123 Main St,Houston,TX,72625,Canada
484,Diana,Williams,diana.williams@mail.com,343-2314,101 Pine Rd,Chicago,TX,40589,USA
485,Hank,Wilson,hank.wilson@company.com,755-1494,456 Elm St,Chicago,TX,81437,Mexico
486,Alice,Garcia,alice.garcia@example.com,157-9170,101 Pine Rd,Los Angeles,CA,30876,Mexico
487,Diana,Miller,diana.miller@mail.com,337-3680,202 Oak St,Houston,AZ,25250,Mexico
488,Frank,Davis,frank.davis@mail.com,345-5465,456 Elm St,Chicago,NY,87764,Canada
489,Alice,Brown,alice.brown@mail.com,851-8775,123 Main St,Phoenix,TX,80324,Canada
490,Frank,Wilson,frank.wilson@domain.com,703-7863,202 Oak St,Chicago,IL,85019,USA
491,Grace,Rodriguez,grace.rodriguez@company.com,195-9803,202 Oak St,Chicago,TX,17188,Canada
492,John,Jones,john.jones@company.com,650-3900,123 Main St,Houston,CA,26935,Mexico
493,Hank,Davis,hank.davis@company.com,821-7802,789 Maple Ave,New York,IL,66787,USA
494,Diana,Garcia,diana.garcia@company.com,130-2232,789 Maple Ave,Chicago,IL,82590,Canada
495,Jane,Brown,jane.brown@domain.com,479-3140,123 Main St,Phoenix,AZ,71040,Mexico
496,Hank,Smith,hank.smith@mail.com,610-6784,101 Pine Rd,Phoenix,CA,43526,Mexico
497,Hank,Brown,hank.brown@company.com,910-4722,123 Main St,Los Angeles,CA,62444,USA
498,Alice,Miller,alice.miller@mail.com,415-7096,202 Oak St,Houston,TX,73672,Mexico
499,Jane,Johnson,jane.johnson@mail.com,450-4876,789 Maple Ave,Chicago,IL,58646,Mexico
500,Frank,Johnson,frank.johnson@example.com,923-5209,123 Main St,Chicago,IL,98111,Mexico
501,Eve,Rodriguez,eve.rodriguez@example.com,737-6538,456 Elm St,New York,IL,39513,Canada
502,Charlie,Jones,charlie.jones@domain.com,485-9132,123 Main St,Phoenix,NY,13854,Mexico
503,Charlie,Brown,charlie.brown@company.com,933-4796,456 Elm St,Chicago,NY,34798,Mexico
504,Frank,Garcia,frank.garcia@example.com,243-5365,202 Oak St,Phoenix,NY,26387,Canada
505,Grace,Wilson,grace.wilson@company.com,616-9827,456 Elm St,Houston,TX,17001,Mexico
506,John,Davis,john.davis@domain.com,134-2181,123 Main St,Phoenix,AZ,99258,Mexico
507,John,Miller,john.miller@mail.com,143-9186,101 Pine Rd,Houston,NY,51696,Canada
508,Eve,Brown,eve.brown@mail.com,866-5842,101 Pine Rd,Chicago,CA,30899,Mexico
509,Frank,Jones,frank.jones@mail.com,472-3465,456 Elm St,Chicago,CA,54017,Canada
510,Hank,Jones,hank.jones@mail.com,232-1057,123 Main St,Chicago,CA,40667,Canada
511,Grace,Smith,grace.smith@mail.com,371-6307,123 Main St,Phoenix,TX,22312,USA
512,Frank,Miller,frank.miller@mail.com,782-5877,123 Main St,Chicago,CA,29595,USA
513,John,Brown,john.brown@domain.com,650-6241,101 Pine Rd,New York,IL,79918,Mexico
514,Grace,Williams,grace.williams@company.com,571-3589,101 Pine Rd,Chicago,AZ,46301,USA
515,Bob,Davis,bob.davis@domain.com,514-1238,456 Elm St,Houston,IL,19986,Mexico
516,Grace,Williams,grace.williams@mail.com,712-4102,123 Main St,Chicago,IL,88221,Canada
517,Hank,Smith,hank.smith@mail.com,636-7624,456 Elm St,Phoenix,CA,60226,USA
518,Bob,Miller,bob.miller@company.com,263-8996,123 Main St,New York,NY,53497,Mexico
519,Diana,Garcia,diana.garcia@mail.com,988-9119,202 Oak St,Chicago,NY,79789,USA
520,Jane,Brown,jane.brown@mail.com,850-9386,456 Elm St,Los Angeles,AZ,88583,Canada
521,Grace,Johnson,grace.johnson@domain.com,756-1222,456 Elm St,New York,TX,89452,Canada
522,John,Johnson,john.johnson@example.com,386-6604,789 Maple Ave,Los Angeles,NY,78902,Mexico
523,Jane,Williams,jane.williams@mail.com,959-1974,789 Maple Ave,Los Angeles,CA,69702,Canada
524,Alice,Williams,alice.williams@domain.com,536-6583,789 Maple Ave,Houston,AZ,61340,USA
525,Alice,Jones,alice.jones@mail.com,956-5111,202 Oak St,Phoenix,CA,33534,Mexico
526,Jane,Jones,jane.jones@company.com,298-1757,789 Maple Ave,Los Angeles,CA,35406,USA
527,Hank,Smith,hank.smith@mail.com,991-5563,202 Oak St,Houston,TX,43237,Mexico
528,Hank,Smith,hank.smith@company.com,925-1920,123 Main St,New York,CA,15086,Canada
529,Hank,Johnson,hank.johnson@company.com,205-3355,789 Maple Ave,Houston,IL,16490,Mexico
530,John,Smith,john.smith@mail.com,358-6637,123 Main St,Chicago,AZ,21901,Canada
531,Charlie,Davis,charlie.davis@company.com,437-3245,789 Maple Ave,New York,AZ,60444,USA
532,Charlie,Miller,charlie.miller@domain.com,363-5351,101 Pine Rd,Chicago,IL,63774,Mexico
533,Alice,Brown,alice.brown@company.com,940-2802,202 Oak St,Phoenix,NY,97660,Mexico
534,Diana,Jones,diana.jones@example.com,795-9749,123 Main St,Los Angeles,TX,85752,USA
535,Hank,Johnson,hank.johnson@example.com,582-7974,101 Pine Rd,Los Angeles,TX,93890,USA
536,John,Garcia,john.garcia@mail.com,379-9051,202 Oak St,Los Angeles,IL,61527,USA
537,Grace,Garcia,grace.garcia@company.com,113-1004,202 Oak St,New York,IL,93063,Mexico
538,John,Smith,john.smith@domain.com,256-4529,202 Oak St,Los Angeles,IL,45124,Mexico
539,Eve,Rodriguez,eve.rodriguez@mail.com,154-7529,456 Elm St,New York,NY,92253,USA
540,Bob,Miller,bob.miller@company.com,140-5163,101 Pine Rd,Chicago,AZ,56192,Canada
541,Eve,Wilson,eve.wilson@company.com,627-3514,789 Maple Ave,Houston,IL,28147,Mexico
542,Jane,Brown,jane.brown@mail.com,936-3844,789 Maple Ave,Phoenix,AZ,42141,USA
543,Hank,Brown,hank.brown@example.com,306-3183,123 Main St,Chicago,AZ,56647,Mexico
544,Bob,Brown,bob.brown@domain.com,279-8772,789 Maple Ave,New York,AZ,77021,USA
545,Eve,Johnson,eve.johnson@domain.com,612-8558,101 Pine Rd,Phoenix,IL,48912,Canada
546,Grace,Williams,grace.williams@mail.com,645-3336,101 Pine Rd,Phoenix,TX,24649,Canada
547,Eve,Davis,eve.davis@mail.com,341-8370,101 Pine Rd,New York,TX,36673,Canada
548,Frank,Wilson,frank.wilson@domain.com,570-2148,202 Oak St,New York,NY,31475,Canada
549,Bob,Brown,bob.brown@domain.com,227-3374,101 Pine Rd,Houston,NY,36337,Mexico
550,John,Johnson,john.johnson@company.com,775-8177,789 Maple Ave,New York,AZ,60508,USA
551,Diana,Jones,diana.jones@example.com,521-6837,123 Main St,Los Angeles,NY,18852,Canada
552,Frank,Wilson,frank.wilson@mail.com,357-5354,123 Main St,Phoenix,AZ,95706,Mexico
553,Jane,Johnson,jane.johnson@mail.com,270-5361,202 Oak St,Los Angeles,IL,89075,Mexico
554,Frank,Williams,frank.williams@example.com,643-9893,789 Maple Ave,Los Angeles,CA,44093,Canada
555,Diana,Williams,diana.williams@example.com,367-5222,101 Pine Rd,New York,AZ,72220,Canada
556,Charlie,Garcia,charlie.garcia@domain.com,386-5002,123 Main St,Phoenix,CA,64300,USA
557,John,Johnson,john.johnson@company.com,174-6724,789 Maple Ave,Phoenix,IL,62886,Mexico
558,Grace,Davis,grace.davis@mail.com,971-9506,456 Elm St,New York,AZ,10468,Canada
559,Bob,Williams,bob.williams@company.com,784-8278,123 Main St,Los Angeles,NY,65924,Mexico
560,Eve,Johnson,eve.johnson@domain.com,262-6909,202 Oak St,Phoenix,CA,86533,Mexico
561,Grace,Miller,grace.miller@example.com,784-8211,101 Pine Rd,Houston,CA,57754,USA
562,Alice,Smith,alice.smith@mail.com,406-5380,456 Elm St,Los Angeles,NY,35261,Mexico
563,Jane,Jones,jane.jones@example.com,211-3395,101 Pine Rd,Phoenix,NY,29337,Mexico
564,Charlie,Johnson,charlie.johnson@company.com,934-6765,202 Oak St,Houston,IL,84130,Mexico
565,Grace,Williams,grace.williams@mail.com,435-7130,202 Oak St,Los Angeles,CA,92354,USA
566,Alice,Johnson,alice.johnson@mail.com,988-6062,789 Maple Ave,Phoenix,TX,44136,USA
567,Jane,Smith,jane.smith@domain.com,429-6741,789 Maple Ave,Los Angeles,IL,76029,Mexico
568,Eve,Wilson,eve.wilson@domain.com,978-7959,101 Pine Rd,Houston,NY,68658,USA
569,John,Davis,john.davis@example.com,639-2821,202 Oak St,Houston,IL,30945,Mexico
570,Alice,Johnson,alice.johnson@mail.com,516-5915,789 Maple Ave,Houston,CA,59386,Canada
571,Hank,Jones,hank.jones@mail.com,959-9302,456 Elm St,Houston,IL,59609,Canada
572,Charlie,Johnson,charlie.johnson@mail.com,108-7692,456 Elm St,Houston,NY,29519,Canada
573,Jane,Jones,jane.jones@mail.com,622-5439,789 Maple Ave,Phoenix,NY,47642,Mexico
574,Charlie,Miller,charlie.miller@company.com,438-1899,123 Main St,Houston,CA,26410,Mexico
575,Hank,Wilson,hank.wilson@company.com,894-8421,789 Maple Ave,Chicago,CA,80488,USA
576,Bob,Williams,bob.williams@company.com,879-9876,202 Oak St,Los Angeles,TX,73546,Mexico
577,Eve,Garcia,eve.garcia@example.com,753-4044,202 Oak St,Los Angeles,NY,75610,USA
578,Alice,Williams,alice.williams@company.com,107-6792,123 Main St,Houston,IL,62848,Mexico
579,Charlie,Williams,charlie.williams@example.com,204-1036,202 Oak St,New York,TX,95712,USA
580,Hank,Davis,hank.davis@company.com,433-3676,789 Maple Ave,Houston,IL,73466,Canada
581,Jane,Davis,jane.davis@domain.com,874-1698,789 Maple Ave,Houston,CA,61385,USA
582,Eve,Johnson,eve.johnson@domain.com,219-1883,101 Pine Rd,New York,NY,90342,USA
583,Alice,Jones,alice.jones@domain.com,158-4140,202 Oak St,Phoenix,IL,57017,Canada
584,Hank,Williams,hank.williams@company.com,123-8874,456 Elm St,Chicago,IL,33932,Mexico
585,Diana,Miller,diana.miller@domain.com,265-1638,202 Oak St,Houston,AZ,93276,Canada
586,Bob,Miller,bob.miller@mail.com,233-8934,123 Main St,Chicago,IL,93408,Canada
587,Charlie,Smith,charlie.smith@domain.com,989-9333,101 Pine Rd,Chicago,IL,84425,Canada
588,John,Williams,john.williams@mail.com,449-5100,101 Pine Rd,Chicago,CA,70705,Canada
589,Hank,Rodriguez,hank.rodriguez@mail.com,347-1461,202 Oak St,Phoenix,IL,51594,Canada
590,Charlie,Miller,charlie.miller@domain.com,446-8865,123 Main St,Los Angeles,AZ,86216,USA
591,John,Davis,john.davis@company.com,728-6556,123 Main St,Houston,CA,85664,USA
592,Frank,Garcia,frank.garcia@example.com,509-5644,123 Main St,New York,CA,39952,Mexico
593,Jane,Johnson,jane.johnson@domain.com,192-9986,202 Oak St,New York,AZ,72413,Mexico
594,Charlie,Miller,charlie.miller@example.com,615-3610,123 Main St,Phoenix,NY,45901,USA
595,Bob,Williams,bob.williams@domain.com,514-7866,101 Pine Rd,New York,CA,71251,Canada
596,Grace,Rodriguez,grace.rodriguez@mail.com,591-7040,202 Oak St,Phoenix,NY,64117,USA
597,Bob,Johnson,bob.johnson@mail.com,410-3460,456 Elm St,Los Angeles,AZ,84989,Canada
598,Grace,Davis,grace.davis@example.com,180-6601,456 Elm St,Phoenix,CA,91077,USA
599,John,Williams,john.williams@mail.com,406-5508,101 Pine Rd,New York,NY,45819,USA
600,Charlie,Williams,charlie.williams@domain.com,908-1366,101 Pine Rd,Houston,IL,88663,USA
601,John,Rodriguez,john.rodriguez@company.com,238-3961,456 Elm St,Phoenix,IL,10540,Canada
602,Charlie,Davis,charlie.davis@domain.com,675-5514,123 Main St,Chicago,IL,53551,Mexico
603,Grace,Jones,grace.jones@company.com,397-7109,101 Pine Rd,Chicago,AZ,47258,Mexico
604,Diana,Davis,diana.davis@example.com,926-5920,123 Main St,Houston,AZ,54492,USA
605,Eve,Wilson,eve.wilson@domain.com,757-6959,456 Elm St,Chicago,TX,60207,USA
606,Hank,Williams,hank.williams@example.com,362-5294,789 Maple Ave,Phoenix,AZ,79766,Mexico
607,John,Brown,john.brown@example.com,588-4689,101 Pine Rd,Houston,IL,78310,Canada
608,John,Wilson,john.wilson@example.com,598-2246,789 Maple Ave,Los Angeles,NY,42010,Canada
609,Diana,Davis,diana.davis@domain.com,331-4423,202 Oak St,Chicago,TX,33424,Mexico
610,Eve,Wilson,eve.wilson@company.com,231-8146,123 Main St,Houston,IL,84042,Mexico
611,Eve,Williams,eve.williams@mail.com,923-2745,789 Maple Ave,New York,TX,51369,Canada
612,Charlie,Brown,charlie.brown@company.com,129-5582,123 Main St,Los Angeles,CA,74521,USA
613,Grace,Miller,grace.miller@domain.com,613-4159,789 Maple Ave,Phoenix,AZ,94876,Mexico
614,Bob,Jones,bob.jones@example.com,337-4577,101 Pine Rd,Houston,CA,54451,USA
615,John,Davis,john.davis@example.com,576-8213,101 Pine Rd,Chicago,IL,76614,USA
616,Jane,Johnson,jane.johnson@domain.com,451-2689,456 Elm St,Chicago,NY,93241,Mexico
617,Charlie,Miller,charlie.miller@mail.com,386-6314,123 Main St,Chicago,CA,10339,USA
618,Hank,Rodriguez,hank.rodriguez@mail.com,974-1848,123 Main St,Los Angeles,TX,78683,Canada
619,Eve,Garcia,eve.garcia@mail.com,653-8897,456 Elm St,New York,TX,55814,USA
620,Charlie,Williams,charlie.williams@example.com,228-5687,101 Pine Rd,New York,IL,69442,USA
621,Hank,Brown,hank.brown@domain.com,299-7906,456 Elm St,Houston,CA,81864,Canada
622,Charlie,Miller,charlie.miller@domain.com,537-8561,123 Main St,Phoenix,AZ,73682,Mexico
623,Jane,Miller,jane.miller@domain.com,740-9079,456 Elm St,Phoenix,AZ,38044,Canada
624,Hank,Rodriguez,hank.rodriguez@example.com,717-3617,789 Maple Ave,Phoenix,IL,68033,Mexico
625,John,Williams,john.williams@example.com,811-8848,123 Main St,Los Angeles,IL,66855,Canada
626,Grace,Rodriguez,grace.rodriguez@mail.com,843-5647,202 Oak St,Los Angeles,IL,29399,Canada
627,Frank,Williams,frank.williams@domain.com,657-2708,202 Oak St,Houston,NY,54763,Canada
628,Jane,Wilson,jane.wilson@company.com,722-4236,456 Elm St,Houston,AZ,65776,Mexico
629,Alice,Smith,alice.smith@domain.com,396-4186,123 Main St,Los Angeles,IL,63895,Canada
630,John,Brown,john.brown@mail.com,393-3506,456 Elm St,Houston,IL,32634,Canada
631,Alice,Johnson,alice.johnson@domain.com,387-1869,101 Pine Rd,Houston,CA,83685,Mexico
632,Charlie,Jones,charlie.jones@mail.com,188-2661,202 Oak St,Los Angeles,CA,58533,Mexico
633,Eve,Johnson,eve.johnson@company.com,400-5211,789 Maple Ave,Phoenix,AZ,81366,USA
634,Grace,Wilson,grace.wilson@company.com,796-9626,456 Elm St,Houston,TX,99889,Canada
635,Frank,Garcia,frank.garcia@company.com,397-5259,789 Maple Ave,Los Angeles,CA,82958,Canada
636,Eve,Smith,eve.smith@example.com,108-5805,789 Maple Ave,New York,IL,22125,USA
637,John,Smith,john.smith@company.com,376-1367,789 Maple Ave,Chicago,AZ,19909,USA
638,Jane,Williams,jane.williams@mail.com,790-7694,123 Main St,Chicago,TX,31210,Canada
639,Jane,Davis,jane.davis@domain.com,473-8423,202 Oak St,Houston,IL,72452,USA
640,Alice,Brown,alice.brown@mail.com,848-2919,202 Oak St,New York,NY,66538,Canada
641,Alice,Rodriguez,alice.rodriguez@company.com,951-4692,123 Main St,Houston,CA,23431,USA
642,Alice,Garcia,alice.garcia@domain.com,118-8020,101 Pine Rd,Houston,TX,90163,Mexico
643,Bob,Johnson,bob.johnson@domain.com,736-3279,202 Oak St,Houston,TX,75381,USA
644,Diana,Williams,diana.williams@company.com,937-8241,456 Elm St,Phoenix,CA,98205,Mexico
645,Alice,Johnson,alice.johnson@domain.com,360-9639,202 Oak St,Houston,CA,56046,USA
646,Charlie,Smith,charlie.smith@domain.com,316-8253,789 Maple Ave,Los Angeles,AZ,41203,Canada
647,Jane,Brown,jane.brown@company.com,599-8851,456 Elm St,New York,AZ,50499,Canada
648,Eve,Rodriguez,eve.rodriguez@company.com,434-6305,101 Pine Rd,Houston,IL,52484,USA
649,Charlie,Garcia,charlie.garcia@mail.com,418-6937,101 Pine Rd,Houston,CA,70158,USA
650,Diana,Smith,diana.smith@domain.com,645-6969,123 Main St,New York,AZ,52448,Mexico
651,Charlie,Brown,charlie.brown@mail.com,464-3263,202 Oak St,Chicago,AZ,90714,Mexico
652,Charlie,Wilson,charlie.wilson@mail.com,782-4165,101 Pine Rd,Houston,CA,66585,Canada
653,Frank,Brown,frank.brown@company.com,968-4790,123 Main St,New York,TX,78905,Mexico
654,Hank,Brown,hank.brown@example.com,410-2630,101 Pine Rd,Los Angeles,TX,41058,Canada
655,Eve,Brown,eve.brown@company.com,295-3989,789 Maple Ave,Phoenix,IL,52838,Canada
656,Grace,Brown,grace.brown@company.com,625-5923,202 Oak St,Los Angeles,IL,63907,Canada
657,Charlie,Miller,charlie.miller@company.com,571-7554,456 Elm St,Houston,IL,29252,Canada
658,Diana,Miller,diana.miller@domain.com,307-2703,123 Main St,Los Angeles,IL,19713,USA
659,Alice,Miller,alice.miller@mail.com,102-1801,202 Oak St,Los Angeles,IL,96809,Canada
660,Frank,Brown,frank.brown@company.com,718-5272,789 Maple Ave,Phoenix,IL,73150,Mexico
661,John,Rodriguez,john.rodriguez@domain.com,407-5178,101 Pine Rd,Houston,AZ,65665,Mexico
662,Alice,Brown,alice.brown@example.com,962-5432,101 Pine Rd,Los Angeles,CA,37813,Mexico
663,John,Johnson,john.johnson@company.com,723-2302,123 Main St,Los Angeles,NY,60042,Mexico
664,Jane,Rodriguez,jane.rodriguez@domain.com,322-2845,202 Oak St,Chicago,AZ,60963,Mexico
665,Charlie,Johnson,charlie.johnson@example.com,401-4955,202 Oak St,Chicago,TX,43220,Mexico
666,Eve,Brown,eve.brown@domain.com,433-9305,456 Elm St,New York,TX,38996,USA
667,Grace,Smith,grace.smith@domain.com,349-8923,789 Maple Ave,Chicago,AZ,54909,Canada
668,Eve,Garcia,eve.garcia@example.com,418-4953,456 Elm St,New York,AZ,41085,USA
669,John,Johnson,john.johnson@domain.com,692-5696,123 Main St,Chicago,AZ,38794,USA
670,Bob,Jones,bob.jones@domain.com,568-6744,456 Elm St,New York,NY,81314,Mexico
671,Bob,Jones,bob.jones@domain.com,614-3596,456 Elm St,Los Angeles,CA,11535,USA
672,Diana,Jones,diana.jones@company.com,961-9048,202 Oak St,Chicago,CA,47719,Canada
673,Alice,Rodriguez,alice.rodriguez@domain.com,810-8492,456 Elm St,Los Angeles,AZ,66641,Mexico
674,John,Williams,john.williams@company.com,345-6870,202 Oak St,Los Angeles,CA,51450,USA
675,Charlie,Williams,charlie.williams@mail.com,511-3605,101 Pine Rd,Phoenix,IL,52991,USA
676,Diana,Garcia,diana.garcia@domain.com,369-7767,101 Pine Rd,Phoenix,CA,19976,Mexico
677,Alice,Davis,alice.davis@company.com,853-8884,123 Main St,Los Angeles,CA,87539,Canada
678,Charlie,Wilson,charlie.wilson@company.com,648-9474,101 Pine Rd,Chicago,CA,15981,Mexico
679,Diana,Johnson,diana.johnson@mail.com,569-6354,789 Maple Ave,Houston,IL,58688,USA
680,John,Miller,john.miller@domain.com,133-5109,101 Pine Rd,Chicago,NY,13361,Canada
681,Jane,Brown,jane.brown@company.com,790-5258,456 Elm St,Houston,IL,90667,Mexico
682,Hank,Smith,hank.smith@example.com,241-7298,456 Elm St,Houston,NY,58186,Mexico
683,Alice,Johnson,alice.johnson@domain.com,572-7225,456 Elm St,Los Angeles,CA,47129,Canada
684,Eve,Wilson,eve.wilson@domain.com,165-7615,202 Oak St,Chicago,IL,55419,Canada
685,Frank,Garcia,frank.garcia@example.com,294-5844,202 Oak St,Houston,IL,31104,Mexico
686,Alice,Garcia,alice.garcia@company.com,861-4864,202 Oak St,Phoenix,NY,21354,Mexico
687,Charlie,Rodriguez,charlie.rodriguez@example.com,602-8707,202 Oak St,New York,IL,40736,Canada
688,Bob,Jones,bob.jones@company.com,898-6053,123 Main St,Chicago,IL,81619,Canada
689,Eve,Smith,eve.smith@mail.com,487-6684,123 Main St,Los Angeles,CA,90543,Canada
690,Alice,Williams,alice.williams@domain.com,771-1561,123 Main St,Houston,CA,95163,Canada
691,Eve,Miller,eve.miller@company.com,316-8321,456 Elm St,Phoenix,TX,61544,Mexico
692,Grace,Garcia,grace.garcia@company.com,379-6215,123 Main St,Los Angeles,NY,94664,USA
693,Jane,Wilson,jane.wilson@domain.com,497-8313,123 Main St,New York,NY,94168,Canada
694,Diana,Garcia,diana.garcia@company.com,692-2006,789 Maple Ave,Los Angeles,AZ,85405,USA
695,John,Miller,john.miller@company.com,406-3598,202 Oak St,Houston,IL,64390,USA
696,Jane,Smith,jane.smith@mail.com,493-4438,123 Main St,Houston,CA,96779,Mexico
697,Eve,Brown,eve.brown@company.com,563-1457,123 Main St,Los Angeles,TX,86092,Canada
698,Eve,Garcia,eve.garcia@example.com,944-8543,202 Oak St,Chicago,CA,91519,Canada
699,Hank,Miller,hank.miller@example.com,434-2395,101 Pine Rd,Los Angeles,AZ,28347,USA
700,Diana,Jones,diana.jones@domain.com,622-3313,456 Elm St,Chicago,AZ,25275,USA
701,Bob,Brown,bob.brown@mail.com,994-6564,202 Oak St,Houston,AZ,16007,Canada
702,Grace,Johnson,grace.johnson@company.com,422-4270,101 Pine Rd,Los Angeles,AZ,93727,USA
703,Frank,Wilson,frank.wilson@domain.com,208-6724,202 Oak St,Phoenix,CA,91290,Mexico
704,Jane,Williams,jane.williams@company.com,465-5229,101 Pine Rd,Houston,IL,61965,Mexico
705,Diana,Smith,diana.smith@company.com,797-7262,123 Main St,Phoenix,TX,96863,Canada
706,Hank,Smith,hank.smith@company.com,133-5589,123 Main St,Chicago,IL,57111,USA
707,Hank,Williams,hank.williams@example.com,729-5871,202 Oak St,Chicago,IL,17548,Mexico
708,Frank,Rodriguez,frank.rodriguez@company.com,158-8791,456 Elm St,Chicago,AZ,94746,USA
709,Bob,Davis,bob.davis@company.com,604-1859,456 Elm St,Houston,AZ,12715,Mexico
710,Jane,Rodriguez,jane.rodriguez@example.com,574-5939,101 Pine Rd,Houston,TX,25767,Mexico
711,Grace,Garcia,grace.garcia@example.com,760-4710,789 Maple Ave,Chicago,AZ,76192,Mexico
712,John,Johnson,john.johnson@domain.com,107-4930,456 Elm St,New York,NY,42069,Mexico
713,Bob,Brown,bob.brown@company.com,597-5559,456 Elm St,Houston,AZ,28480,USA
714,Alice,Garcia,alice.garcia@company.com,871-7565,101 Pine Rd,Phoenix,NY,19145,Mexico
715,Diana,Miller,diana.miller@domain.com,267-4278,456 Elm St,Los Angeles,CA,19613,Canada
716,Grace,Wilson,grace.wilson@example.com,770-8105,123 Main St,Houston,CA,18397,Mexico
717,Hank,Williams,hank.williams@domain.com,326-6049,101 Pine Rd,Houston,NY,32914,Mexico
718,Grace,Brown,grace.brown@mail.com,426-4590,789 Maple Ave,Los Angeles,IL,39499,Canada
719,John,Garcia,john.garcia@mail.com,564-3394,123 Main St,Phoenix,TX,19128,Mexico
720,Hank,Johnson,hank.johnson@company.com,489-8049,123 Main St,New York,CA,24882,USA
721,Jane,Williams,jane.williams@domain.com,720-1782,123 Main St,Chicago,IL,92466,Canada
722,Jane,Williams,jane.williams@company.com,745-8071,456 Elm St,New York,AZ,96985,Canada
723,Diana,Smith,diana.smith@domain.com,632-3452,101 Pine Rd,New York,IL,62065,Canada
724,Eve,Davis,eve.davis@company.com,840-7851,456 Elm St,Los Angeles,TX,23787,USA
725,Diana,Williams,diana.williams@company.com,888-7298,101 Pine Rd,New York,CA,23178,USA
726,Diana,Jones,diana.jones@company.com,199-1902,789 Maple Ave,New York,AZ,68896,USA
727,Jane,Miller,jane.miller@mail.com,888-4273,101 Pine Rd,New York,AZ,12570,Canada
728,Eve,Brown,eve.brown@domain.com,847-2870,202 Oak St,Los Angeles,IL,79180,Canada
729,Diana,Johnson,diana.johnson@mail.com,270-3061,101 Pine Rd,Los Angeles,IL,88977,Canada
730,Frank,Brown,frank.brown@example.com,536-9758,123 Main St,Houston,NY,69142,Mexico
731,Hank,Rodriguez,hank.rodriguez@mail.com,898-3675,456 Elm St,New York,TX,38455,Canada
732,Charlie,Miller,charlie.miller@mail.com,875-3480,202 Oak St,New York,AZ,62407,USA
733,John,Wilson,john.wilson@domain.com,918-9913,123 Main St,Phoenix,IL,76878,Canada
734,Bob,Jones,bob.jones@mail.com,413-4407,202 Oak St,Chicago,CA,35374,Canada
735,Hank,Garcia,hank.garcia@mail.com,254-2615,456 Elm St,Phoenix,TX,31067,Canada
736,Diana,Johnson,diana.johnson@company.com,959-6135,789 Maple Ave,New York,NY,61533,USA
737,Frank,Williams,frank.williams@company.com,541-8195,789 Maple Ave,Chicago,CA,58761,Canada
738,Diana,Johnson,diana.johnson@company.com,226-6740,101 Pine Rd,New York,IL,98743,Mexico
739,Alice,Williams,alice.williams@company.com,103-4855,123 Main St,Houston,AZ,71594,USA
740,Grace,Johnson,grace.johnson@domain.com,714-9552,202 Oak St,Phoenix,NY,84219,Mexico
741,Frank,Rodriguez,frank.rodriguez@mail.com,281-6032,202 Oak St,Phoenix,TX,60356,USA
742,John,Williams,john.williams@example.com,152-5204,789 Maple Ave,Chicago,TX,41367,Canada
743,John,Rodriguez,john.rodriguez@company.com,482-6508,456 Elm St,Phoenix,NY,13283,Canada
744,Charlie,Miller,charlie.miller@domain.com,176-1526,789 Maple Ave,Houston,AZ,66371,Mexico
745,Alice,Davis,alice.davis@mail.com,773-9077,789 Maple Ave,Houston,AZ,73187,Mexico
746,Alice,Jones,alice.jones@domain.com,948-6219,202 Oak St,Los Angeles,IL,39463,Canada
747,Hank,Miller,hank.miller@domain.com,117-1656,101 Pine Rd,Chicago,CA,86547,Mexico
748,Alice,Smith,alice.smith@mail.com,589-6313,101 Pine Rd,New York,NY,91178,Mexico
749,Frank,Miller,frank.miller@example.com,107-2247,101 Pine Rd,Houston,NY,84053,Canada
750,Jane,Rodriguez,jane.rodriguez@company.com,427-5399,202 Oak St,Chicago,IL,83643,USA
751,Frank,Rodriguez,frank.rodriguez@example.com,891-8742,202 Oak St,Chicago,AZ,81168,Canada
752,Alice,Jones,alice.jones@example.com,584-6262,101 Pine Rd,Phoenix,IL,90969,USA
753,Bob,Jones,bob.jones@example.com,994-7403,101 Pine Rd,Chicago,NY,81853,USA
754,Frank,Garcia,frank.garcia@mail.com,258-2034,789 Maple Ave,Chicago,IL,14434,USA
755,Frank,Rodriguez,frank.rodriguez@mail.com,909-7257,789 Maple Ave,Houston,TX,59209,USA
756,Bob,Miller,bob.miller@example.com,801-4536,456 Elm St,New York,AZ,92263,USA
757,Grace,Garcia,grace.garcia@domain.com,794-9863,101 Pine Rd,Phoenix,AZ,51712,USA
758,John,Miller,john.miller@mail.com,563-3490,456 Elm St,Chicago,TX,19413,Mexico
759,Jane,Garcia,jane.garcia@example.com,709-4329,101 Pine Rd,New York,NY,58381,USA
760,Bob,Garcia,bob.garcia@company.com,107-2656,789 Maple Ave,Houston,AZ,25757,Mexico
761,Charlie,Rodriguez,charlie.rodriguez@domain.com,384-8403,123 Main St,New York,AZ,94121,Canada
762,Alice,Smith,alice.smith@domain.com,532-5640,456 Elm St,Chicago,TX,87409,Mexico
763,Jane,Wilson,jane.wilson@company.com,840-7059,456 Elm St,Phoenix,CA,75604,Mexico
764,Jane,Smith,jane.smith@mail.com,209-7793,123 Main St,Phoenix,TX,41091,USA
765,Frank,Brown,frank.brown@domain.com,580-4922,456 Elm St,Phoenix,CA,19179,USA
766,Hank,Brown,hank.brown@domain.com,523-1516,456 Elm St,Chicago,IL,50053,USA
767,Diana,Johnson,diana.johnson@mail.com,967-8914,123 Main St,New York,TX,93325,USA
768,Grace,Wilson,grace.wilson@mail.com,273-5496,789 Maple Ave,Phoenix,CA,69316,Mexico
769,Diana,Davis,diana.davis@example.com,332-3794,789 Maple Ave,Phoenix,AZ,31851,USA
770,Grace,Garcia,grace.garcia@example.com,486-5644,202 Oak St,Los Angeles,TX,55981,USA
771,John,Johnson,john.johnson@company.com,139-8170,123 Main St,Phoenix,CA,30821,Mexico
772,Alice,Davis,alice.davis@example.com,109-4169,789 Maple Ave,Houston,AZ,82453,Canada
773,Frank,Smith,frank.smith@company.com,143-1441,456 Elm St,New York,NY,41839,Canada
774,Eve,Garcia,eve.garcia@domain.com,532-1255,789 Maple Ave,Chicago,TX,62384,Mexico
775,Bob,Johnson,bob.johnson@example.com,699-2334,789 Maple Ave,Phoenix,IL,36378,USA
776,Hank,Davis,hank.davis@mail.com,536-3940,123 Main St,Chicago,AZ,27601,Mexico
777,Hank,Smith,hank.smith@company.com,588-3131,456 Elm St,Chicago,AZ,72475,Mexico
778,Alice,Williams,alice.williams@mail.com,810-2867,123 Main St,New York,AZ,58334,Mexico
779,Diana,Brown,diana.brown@mail.com,951-9318,456 Elm St,New York,NY,24007,USA
780,Grace,Wilson,grace.wilson@mail.com,784-2394,123 Main St,Chicago,NY,50730,Canada
781,Jane,Williams,jane.williams@company.com,339-2823,101 Pine Rd,Chicago,AZ,35416,Canada
782,Grace,Rodriguez,grace.rodriguez@domain.com,974-5238,789 Maple Ave,Chicago,NY,18946,USA
783,Frank,Smith,frank.smith@company.com,763-9419,789 Maple Ave,Los Angeles,TX,38421,Mexico
784,Alice,Johnson,alice.johnson@company.com,928-1675,456 Elm St,Phoenix,TX,63279,Mexico
785,Grace,Smith,grace.smith@mail.com,719-2363,456 Elm St,New York,IL,66309,Canada
786,Eve,Jones,eve.jones@mail.com,104-4114,123 Main St,Chicago,TX,72003,Mexico
787,Alice,Brown,alice.brown@domain.com,192-8849,101 Pine Rd,Houston,AZ,45096,Canada
788,Frank,Davis,frank.davis@company.com,553-8879,789 Maple Ave,Houston,CA,23034,Canada
789,Frank,Smith,frank.smith@company.com,978-3129,456 Elm St,Chicago,NY,14819,Canada
790,Bob,Johnson,bob.johnson@domain.com,660-6527,456 Elm St,New York,IL,80256,Canada
791,Grace,Miller,grace.miller@example.com,840-6758,123 Main St,New York,NY,81261,USA
792,John,Rodriguez,john.rodriguez@example.com,945-7356,456 Elm St,New York,AZ,99888,Canada
793,Bob,Miller,bob.miller@mail.com,172-2566,789 Maple Ave,Houston,NY,48242,Mexico
794,Alice,Jones,alice.jones@mail.com,454-5164,123 Main St,Chicago,IL,61377,USA
795,Eve,Garcia,eve.garcia@mail.com,721-1777,202 Oak St,Chicago,IL,12996,Canada
796,Hank,Johnson,hank.johnson@mail.com,756-7462,101 Pine Rd,Houston,TX,91719,Mexico
797,Bob,Smith,bob.smith@company.com,326-2589,101 Pine Rd,Chicago,IL,98883,Mexico
798,Bob,Williams,bob.williams@mail.com,810-3793,202 Oak St,Houston,IL,26147,USA
799,Alice,Jones,alice.jones@mail.com,901-5542,123 Main St,Houston,NY,99309,USA
800,Alice,Jones,alice.jones@company.com,195-1885,202 Oak St,Chicago,NY,62692,Mexico
801,Eve,Jones,eve.jones@company.com,471-8607,202 Oak St,New York,IL,58144,Mexico
802,Charlie,Johnson,charlie.johnson@mail.com,537-1022,789 Maple Ave,Chicago,CA,43977,Canada
803,Hank,Garcia,hank.garcia@mail.com,214-4819,202 Oak St,New York,IL,30781,Mexico
804,Grace,Williams,grace.williams@mail.com,687-2851,456 Elm St,Houston,TX,48147,Mexico
805,Jane,Davis,jane.davis@example.com,280-8086,101 Pine Rd,New York,IL,10435,Canada
806,Grace,Garcia,grace.garcia@example.com,377-7559,202 Oak St,Los Angeles,IL,48982,Canada
807,Diana,Williams,diana.williams@example.com,345-9111,101 Pine Rd,Houston,NY,26880,USA
808,Hank,Johnson,hank.johnson@domain.com,201-7370,101 Pine Rd,Phoenix,CA,52325,Canada
809,Frank,Brown,frank.brown@example.com,401-8994,101 Pine Rd,Chicago,AZ,60895,Mexico
810,Frank,Brown,frank.brown@mail.com,787-6821,101 Pine Rd,Houston,NY,11968,USA
811,Hank,Johnson,hank.johnson@mail.com,876-4940,456 Elm St,Chicago,NY,81141,Mexico
812,Hank,Jones,hank.jones@domain.com,317-4093,456 Elm St,Chicago,CA,24720,Canada
813,Grace,Brown,grace.brown@domain.com,448-6911,456 Elm St,Chicago,CA,69751,USA
814,John,Smith,john.smith@example.com,129-2928,202 Oak St,Phoenix,IL,41723,Canada
815,Eve,Johnson,eve.johnson@mail.com,541-5694,789 Maple Ave,Phoenix,AZ,62448,Mexico
816,Charlie,Rodriguez,charlie.rodriguez@company.com,912-3391,101 Pine Rd,Los Angeles,AZ,62898,Canada
817,Grace,Rodriguez,grace.rodriguez@mail.com,723-8409,456 Elm St,Chicago,NY,53735,USA
818,John,Wilson,john.wilson@mail.com,225-1594,456 Elm St,Phoenix,NY,63135,Canada
819,Diana,Miller,diana.miller@mail.com,142-5981,202 Oak St,Houston,TX,57875,USA
820,Alice,Johnson,alice.johnson@example.com,241-7591,101 Pine Rd,New York,NY,56583,Canada
821,Diana,Rodriguez,diana.rodriguez@mail.com,339-4006,789 Maple Ave,Houston,TX,20822,USA
822,Alice,Davis,alice.davis@example.com,937-4470,101 Pine Rd,Los Angeles,IL,81990,USA
823,John,Brown,john.brown@mail.com,187-8552,789 Maple Ave,New York,NY,83710,Canada
824,Bob,Wilson,bob.wilson@company.com,524-5112,456 Elm St,New York,AZ,83895,USA
825,Charlie,Smith,charlie.smith@domain.com,908-8801,789 Maple Ave,Phoenix,IL,33820,Canada
826,Charlie,Rodriguez,charlie.rodriguez@domain.com,608-5063,456 Elm St,Chicago,AZ,65232,Mexico
827,Alice,Williams,alice.williams@domain.com,647-8462,123 Main St,Los Angeles,CA,92391,Canada
828,Alice,Rodriguez,alice.rodriguez@example.com,642-8971,123 Main St,Houston,IL,93898,Mexico
829,Alice,Garcia,alice.garcia@mail.com,861-3219,789 Maple Ave,Phoenix,CA,21355,Canada
830,Diana,Johnson,diana.johnson@example.com,848-4831,789 Maple Ave,Houston,AZ,94978,Canada
831,Eve,Johnson,eve.johnson@mail.com,493-7724,202 Oak St,Los Angeles,IL,36365,Mexico
832,Alice,Wilson,alice.wilson@domain.com,423-4372,789 Maple Ave,New York,TX,14973,Mexico
833,Charlie,Rodriguez,charlie.rodriguez@mail.com,238-1379,789 Maple Ave,New York,NY,68404,Mexico
834,Diana,Smith,diana.smith@mail.com,698-1471,123 Main St,Los Angeles,AZ,80677,USA
835,John,Garcia,john.garcia@example.com,770-2578,789 Maple Ave,Chicago,AZ,96757,Canada
836,Eve,Brown,eve.brown@domain.com,861-7290,123 Main St,Los Angeles,CA,23909,USA
837,Frank,Johnson,frank.johnson@example.com,387-1125,101 Pine Rd,New York,IL,74579,Canada
838,Hank,Miller,hank.miller@example.com,917-5423,456 Elm St,Los Angeles,CA,39343,Mexico
839,Hank,Rodriguez,hank.rodriguez@company.com,452-1211,202 Oak St,Phoenix,CA,49800,Mexico
840,Eve,Wilson,eve.wilson@domain.com,997-2657,202 Oak St,New York,NY,71015,USA
841,Grace,Brown,grace.brown@company.com,213-1551,789 Maple Ave,Phoenix,CA,42068,Mexico
842,Frank,Jones,frank.jones@example.com,874-8956,456 Elm St,Houston,NY,64838,Mexico
843,Eve,Johnson,eve.johnson@mail.com,612-3618,202 Oak St,Los Angeles,IL,44819,Mexico
844,Jane,Johnson,jane.johnson@example.com,444-2501,202 Oak St,Chicago,AZ,89853,Mexico
845,John,Miller,john.miller@mail.com,376-4685,202 Oak St,Houston,AZ,13298,Mexico
846,Frank,Rodriguez,frank.rodriguez@company.com,903-9060,456 Elm St,Houston,TX,42623,Canada
847,Diana,Garcia,diana.garcia@mail.com,843-7368,202 Oak St,Chicago,AZ,75262,USA
848,Bob,Miller,bob.miller@mail.com,742-4446,101 Pine Rd,Los Angeles,AZ,92085,Canada
849,Grace,Johnson,grace.johnson@domain.com,455-2643,202 Oak St,Houston,TX,84138,Mexico
850,Eve,Smith,eve.smith@mail.com,331-5345,456 Elm St,New York,AZ,68444,Canada
851,Charlie,Davis,charlie.davis@mail.com,287-3339,456 Elm St,Los Angeles,IL,52509,USA
852,Grace,Garcia,grace.garcia@domain.com,385-5552,202 Oak St,Los Angeles,NY,66323,USA
853,Frank,Rodriguez,frank.rodriguez@mail.com,395-9928,789 Maple Ave,New York,IL,35136,Mexico
854,Charlie,Williams,charlie.williams@example.com,582-8737,101 Pine Rd,Los Angeles,IL,24532,Mexico
855,Diana,Wilson,diana.wilson@company.com,751-3898,456 Elm St,Los Angeles,TX,38646,Canada
856,Eve,Johnson,eve.johnson@mail.com,145-7133,202 Oak St,Chicago,CA,84804,USA
857,Charlie,Jones,charlie.jones@mail.com,449-6978,456 Elm St,New York,AZ,53014,USA
858,Bob,Brown,bob.brown@example.com,743-9352,202 Oak St,Phoenix,AZ,83271,USA
859,Diana,Miller,diana.miller@mail.com,233-2206,202 Oak St,Los Angeles,AZ,36692,USA
860,Diana,Brown,diana.brown@domain.com,195-9810,456 Elm St,Los Angeles,NY,37973,Mexico
861,Eve,Smith,eve.smith@example.com,319-7048,101 Pine Rd,Chicago,NY,20540,USA
862,Hank,Jones,hank.jones@company.com,281-2569,789 Maple Ave,Los Angeles,AZ,72075,Canada
863,Alice,Davis,alice.davis@mail.com,537-8383,456 Elm St,New York,TX,26420,Mexico
864,Frank,Rodriguez,frank.rodriguez@domain.com,901-5686,789 Maple Ave,Houston,AZ,13701,USA
865,Diana,Williams,diana.williams@mail.com,807-8724,789 Maple Ave,New York,NY,44449,Canada
866,Frank,Williams,frank.williams@company.com,217-4541,101 Pine Rd,Phoenix,IL,29544,USA
867,Eve,Johnson,eve.johnson@example.com,533-8373,101 Pine Rd,New York,AZ,86946,USA
868,Grace,Miller,grace.miller@domain.com,882-6182,123 Main St,Phoenix,IL,42566,Mexico
869,Charlie,Wilson,charlie.wilson@example.com,380-4189,123 Main St,Phoenix,CA,98620,Canada
870,Bob,Davis,bob.davis@domain.com,359-1284,789 Maple Ave,New York,NY,22022,Canada
871,Charlie,Brown,charlie.brown@company.com,197-1198,456 Elm St,New York,TX,67137,USA
872,Jane,Williams,jane.williams@company.com,798-6411,456 Elm St,New York,CA,85913,USA
873,John,Davis,john.davis@company.com,537-3687,123 Main St,Los Angeles,CA,10804,Mexico
874,Alice,Miller,alice.miller@example.com,700-8998,789 Maple Ave,Houston,AZ,14199,USA
875,Eve,Johnson,eve.johnson@domain.com,756-2699,101 Pine Rd,Houston,IL,16374,Canada
876,Eve,Wilson,eve.wilson@company.com,118-5058,101 Pine Rd,New York,NY,55799,Canada
877,Alice,Miller,alice.miller@company.com,925-1540,456 Elm St,Los Angeles,TX,17630,USA
878,Bob,Williams,bob.williams@domain.com,270-5897,101 Pine Rd,Los Angeles,AZ,54527,USA
879,Diana,Rodriguez,diana.rodriguez@example.com,565-3266,789 Maple Ave,Phoenix,IL,52549,USA
880,Diana,Rodriguez,diana.rodriguez@company.com,891-6489,202 Oak St,Phoenix,CA,18251,Mexico
881,Alice,Davis,alice.davis@mail.com,447-2315,456 Elm St,Houston,TX,34290,Mexico
882,Diana,Williams,diana.williams@mail.com,764-9021,123 Main St,Los Angeles,IL,10453,Canada
883,John,Johnson,john.johnson@company.com,339-8594,101 Pine Rd,Chicago,IL,56259,Canada
884,Eve,Wilson,eve.wilson@mail.com,491-6130,456 Elm St,New York,TX,80166,Mexico
885,Bob,Johnson,bob.johnson@company.com,439-2366,101 Pine Rd,Phoenix,CA,64688,Mexico
886,Alice,Rodriguez,alice.rodriguez@domain.com,699-6313,123 Main St,New York,CA,34728,Mexico
887,Jane,Garcia,jane.garcia@mail.com,422-9335,789 Maple Ave,New York,CA,87141,Canada
888,Grace,Davis,grace.davis@mail.com,434-7015,202 Oak St,New York,NY,20210,Mexico
889,Jane,Brown,jane.brown@domain.com,758-1407,202 Oak St,Houston,CA,85852,Mexico
890,Grace,Wilson,grace.wilson@mail.com,490-1517,101 Pine Rd,Houston,AZ,78171,Mexico
891,Frank,Davis,frank.davis@domain.com,778-4165,123 Main St,Phoenix,AZ,54137,USA
892,Grace,Davis,grace.davis@company.com,910-1558,101 Pine Rd,Phoenix,TX,36096,USA
893,Hank,Jones,hank.jones@mail.com,524-8089,456 Elm St,Los Angeles,AZ,29997,Canada
894,Jane,Brown,jane.brown@company.com,550-2947,123 Main St,Phoenix,CA,87937,Mexico
895,Charlie,Rodriguez,charlie.rodriguez@domain.com,533-9828,101 Pine Rd,Chicago,IL,84851,Mexico
896,Jane,Brown,jane.brown@company.com,845-6260,123 Main St,Los Angeles,AZ,99541,USA
897,Alice,Rodriguez,alice.rodriguez@company.com,920-9451,123 Main St,Houston,TX,41052,USA
898,Jane,Jones,jane.jones@example.com,601-4047,789 Maple Ave,Los Angeles,NY,39993,USA
899,Eve,Williams,eve.williams@company.com,826-5031,123 Main St,Los Angeles,AZ,25117,Mexico
900,Grace,Miller,grace.miller@domain.com,808-7550,456 Elm St,New York,AZ,34280,Canada
901,Alice,Johnson,alice.johnson@example.com,993-3186,456 Elm St,Los Angeles,TX,45363,Canada
902,Hank,Jones,hank.jones@mail.com,856-7490,456 Elm St,New York,TX,43386,Canada
903,Alice,Brown,alice.brown@domain.com,281-8778,123 Main St,Los Angeles,IL,34461,USA
904,Hank,Brown,hank.brown@domain.com,826-3144,202 Oak St,Chicago,NY,39962,Canada
905,Alice,Johnson,alice.johnson@example.com,788-9818,456 Elm St,Los Angeles,NY,72702,USA
906,Jane,Johnson,jane.johnson@mail.com,472-4870,789 Maple Ave,Houston,NY,89127,Canada
907,Alice,Johnson,alice.johnson@mail.com,561-5644,123 Main St,Los Angeles,NY,75413,USA
908,Charlie,Johnson,charlie.johnson@domain.com,526-9922,123 Main St,Los Angeles,AZ,66611,USA
909,Charlie,Davis,charlie.davis@domain.com,626-2637,789 Maple Ave,Houston,AZ,98327,Canada
910,Charlie,Garcia,charlie.garcia@company.com,518-2780,123 Main St,Los Angeles,NY,24702,USA
911,Alice,Smith,alice.smith@domain.com,553-9346,456 Elm St,Los Angeles,AZ,15832,Mexico
912,Diana,Brown,diana.brown@company.com,911-1822,456 Elm St,Los Angeles,CA,34974,Mexico
913,Hank,Jones,hank.jones@example.com,117-4227,123 Main St,Los Angeles,NY,79297,USA
914,Hank,Johnson,hank.johnson@mail.com,663-1554,789 Maple Ave,Chicago,AZ,83088,Mexico
915,Alice,Davis,alice.davis@company.com,270-3674,202 Oak St,Houston,NY,34728,USA
916,Charlie,Johnson,charlie.johnson@mail.com,409-6033,456 Elm St,Los Angeles,NY,32485,Canada
917,Bob,Brown,bob.brown@example.com,798-8434,202 Oak St,Houston,AZ,37993,Canada
918,Frank,Brown,frank.brown@company.com,859-2716,202 Oak St,Chicago,CA,20057,Mexico
919,Jane,Williams,jane.williams@example.com,311-2880,456 Elm St,New York,CA,89522,Canada
920,Grace,Smith,grace.smith@mail.com,889-8474,789 Maple Ave,Chicago,TX,35701,Canada
921,John,Williams,john.williams@company.com,140-5371,202 Oak St,Los Angeles,TX,41192,Canada
922,Diana,Smith,diana.smith@domain.com,317-3599,123 Main St,Chicago,IL,38026,Canada
923,John,Brown,john.brown@domain.com,524-5988,789 Maple Ave,New York,AZ,21364,USA
924,Grace,Smith,grace.smith@company.com,379-2194,789 Maple Ave,Houston,TX,96410,Canada
925,Alice,Rodriguez,alice.rodriguez@company.com,362-8236,123 Main St,New York,TX,65330,USA
926,Charlie,Brown,charlie.brown@domain.com,953-1444,101 Pine Rd,Houston,IL,35321,Canada
927,Hank,Williams,hank.williams@mail.com,827-9285,456 Elm St,Houston,CA,46597,USA
928,Eve,Davis,eve.davis@company.com,451-7231,789 Maple Ave,Chicago,NY,79303,Canada
929,Alice,Rodriguez,alice.rodriguez@example.com,275-5071,789 Maple Ave,Los Angeles,AZ,71168,USA
930,Diana,Jones,diana.jones@mail.com,741-2307,456 Elm St,New York,CA,32277,USA
931,Jane,Williams,jane.williams@domain.com,663-7572,789 Maple Ave,Houston,NY,45292,Canada
932,Jane,Williams,jane.williams@domain.com,557-2107,202 Oak St,Phoenix,NY,85134,Canada
933,Alice,Miller,alice.miller@mail.com,208-7321,101 Pine Rd,Los Angeles,NY,46938,USA
934,Grace,Rodriguez,grace.rodriguez@domain.com,788-2690,101 Pine Rd,Chicago,CA,85460,Canada
935,Grace,Smith,grace.smith@domain.com,525-7435,101 Pine Rd,Phoenix,CA,28286,Mexico
936,Bob,Wilson,bob.wilson@domain.com,644-6728,202 Oak St,Houston,TX,94189,USA
937,Hank,Williams,hank.williams@mail.com,108-1617,456 Elm St,Los Angeles,CA,13771,USA
938,Hank,Williams,hank.williams@company.com,910-5750,123 Main St,Phoenix,NY,95356,USA
939,Frank,Smith,frank.smith@company.com,915-8690,123 Main St,Los Angeles,TX,35056,Mexico
940,Charlie,Rodriguez,charlie.rodriguez@company.com,888-1844,202 Oak St,Chicago,NY,64216,USA
941,Hank,Miller,hank.miller@company.com,683-9747,456 Elm St,Houston,TX,98748,Mexico
942,John,Rodriguez,john.rodriguez@domain.com,937-1089,789 Maple Ave,Houston,CA,34664,Mexico
943,John,Johnson,john.johnson@example.com,837-1926,202 Oak St,Chicago,NY,76508,Canada
944,Charlie,Smith,charlie.smith@domain.com,624-5904,101 Pine Rd,Los Angeles,NY,44687,USA
945,John,Brown,john.brown@domain.com,558-7177,123 Main St,Chicago,TX,58886,Canada
946,Hank,Brown,hank.brown@example.com,226-3128,456 Elm St,Phoenix,CA,71797,Mexico
947,Charlie,Johnson,charlie.johnson@domain.com,778-5232,123 Main St,Phoenix,IL,91445,Canada
948,Jane,Miller,jane.miller@company.com,877-3770,123 Main St,Los Angeles,CA,49017,Canada
949,Diana,Johnson,diana.johnson@company.com,320-9705,789 Maple Ave,New York,NY,75791,Mexico
950,Alice,Jones,alice.jones@domain.com,561-9298,202 Oak St,Chicago,IL,41366,Canada
951,Grace,Rodriguez,grace.rodriguez@domain.com,799-3138,123 Main St,Chicago,TX,25162,Mexico
952,Frank,Davis,frank.davis@domain.com,649-7392,202 Oak St,Phoenix,CA,77287,USA
953,Alice,Brown,alice.brown@company.com,858-9446,202 Oak St,New York,CA,66759,Mexico
954,John,Jones,john.jones@example.com,268-3420,101 Pine Rd,Los Angeles,AZ,37476,Canada
955,Jane,Johnson,jane.johnson@domain.com,300-2007,789 Maple Ave,New York,AZ,87471,Mexico
956,Eve,Williams,eve.williams@mail.com,571-5465,101 Pine Rd,Houston,AZ,98158,Canada
957,Alice,Jones,alice.jones@company.com,670-1548,789 Maple Ave,Los Angeles,TX,64587,Mexico
958,Bob,Smith,bob.smith@domain.com,321-7677,101 Pine Rd,Houston,NY,84482,Canada
959,John,Johnson,john.johnson@mail.com,214-2352,456 Elm St,Houston,TX,93831,USA
960,Hank,Smith,hank.smith@example.com,802-7125,789 Maple Ave,Chicago,NY,31814,Canada
961,Hank,Johnson,hank.johnson@domain.com,622-6731,202 Oak St,Houston,TX,57695,Canada
962,Frank,Smith,frank.smith@example.com,793-3533,456 Elm St,Chicago,AZ,75519,USA
963,Charlie,Rodriguez,charlie.rodriguez@mail.com,676-2062,456 Elm St,New York,AZ,16554,USA
964,John,Johnson,john.johnson@domain.com,296-9177,789 Maple Ave,New York,CA,50410,Mexico
965,Frank,Garcia,frank.garcia@domain.com,480-6392,123 Main St,Phoenix,TX,83694,Mexico
966,Grace,Jones,grace.jones@mail.com,355-2419,456 Elm St,Chicago,CA,87733,Canada
967,Alice,Brown,alice.brown@domain.com,490-1631,456 Elm St,Houston,TX,48355,Canada
968,Charlie,Williams,charlie.williams@company.com,118-4553,202 Oak St,Chicago,NY,87728,USA
969,Charlie,Rodriguez,charlie.rodriguez@domain.com,206-9747,202 Oak St,Houston,TX,27546,Mexico
970,Hank,Jones,hank.jones@example.com,581-3471,202 Oak St,Los Angeles,TX,73144,Canada
971,Jane,Miller,jane.miller@mail.com,248-2203,789 Maple Ave,Los Angeles,CA,70281,Mexico
972,Diana,Rodriguez,diana.rodriguez@example.com,152-5369,101 Pine Rd,Phoenix,AZ,82846,USA
973,Alice,Rodriguez,alice.rodriguez@mail.com,529-6948,789 Maple Ave,Houston,IL,13724,Mexico
974,Eve,Miller,eve.miller@domain.com,219-6737,456 Elm St,Phoenix,IL,75242,USA
975,Eve,Miller,eve.miller@company.com,651-3527,202 Oak St,Los Angeles,CA,69464,USA
976,Charlie,Jones,charlie.jones@company.com,406-4560,202 Oak St,Los Angeles,CA,92365,USA
977,Charlie,Johnson,charlie.johnson@company.com,747-7035,202 Oak St,Los Angeles,CA,84229,USA
978,Diana,Williams,diana.williams@company.com,875-4583,789 Maple Ave,Houston,AZ,30097,Canada
979,Diana,Williams,diana.williams@company.com,850-9005,123 Main St,New York,IL,73805,USA
980,Grace,Wilson,grace.wilson@company.com,758-9881,456 Elm St,New York,AZ,43262,Mexico
981,Hank,Williams,hank.williams@domain.com,270-6969,101 Pine Rd,Chicago,AZ,16211,Canada
982,Frank,Williams,frank.williams@example.com,150-9927,456 Elm St,Houston,AZ,67666,Canada
983,Grace,Johnson,grace.johnson@mail.com,319-9791,101 Pine Rd,Phoenix,TX,89828,Mexico
984,John,Rodriguez,john.rodriguez@example.com,495-2233,202 Oak St,Los Angeles,NY,73750,Mexico
985,Hank,Smith,hank.smith@example.com,152-4946,789 Maple Ave,New York,IL,83231,Canada
986,Eve,Garcia,eve.garcia@domain.com,605-6558,789 Maple Ave,Houston,NY,42395,Canada
987,Frank,Jones,frank.jones@mail.com,429-4690,789 Maple Ave,Phoenix,TX,32913,Mexico
988,Alice,Davis,alice.davis@example.com,188-1210,456 Elm St,Phoenix,NY,13875,USA
989,Bob,Davis,bob.davis@company.com,820-9078,123 Main St,Los Angeles,AZ,22978,Mexico
990,Diana,Brown,diana.brown@example.com,981-4052,456 Elm St,Chicago,NY,89564,Mexico
991,Eve,Davis,eve.davis@company.com,478-7167,789 Maple Ave,New York,IL,23903,Canada
992,Alice,Brown,alice.brown@mail.com,585-5095,456 Elm St,Los Angeles,IL,44179,Mexico
993,Grace,Wilson,grace.wilson@example.com,566-4013,202 Oak St,New York,AZ,63075,USA
994,Jane,Smith,jane.smith@mail.com,988-8568,123 Main St,Chicago,NY,49074,USA
995,Bob,Johnson,bob.johnson@company.com,256-9532,123 Main St,New York,CA,43426,Canada
996,Diana,Davis,diana.davis@mail.com,293-1981,101 Pine Rd,Chicago,CA,91055,Mexico
997,Hank,Smith,hank.smith@mail.com,480-2266,456 Elm St,Phoenix,AZ,13326,USA
998,Jane,Johnson,jane.johnson@domain.com,295-3918,789 Maple Ave,Chicago,TX,14220,Mexico
999,Alice,Johnson,alice.johnson@domain.com,869-4307,123 Main St,New York,TX,94194,Canada
1000,Grace,Johnson,grace.johnson@example.com,883-7871,456 Elm St,New York,AZ,56323,USA
